cityName,mainPressure,mainHumidity
Thang,1012.71,91
Punch,1008.19,42
Zahirabad,1007.95,29
Yellapur,1010.03,82
Yeola,1008.19,21
Zaidpur,1006.0,28
Keelakarai,1009.95,87
Yellandu,1007.87,30
Zunheboto,1011.63,60
Zamania,1005.51,37
Yaval,1006.75,18
Yadgir,1007.79,44
Yavatmal,1005.75,17
Wokha,1011.59,80
Yelahanka,1014.0,16
Wer,1003.75,20
Yanam,1008.83,42
Wazirganj,1004.75,38
Washim,1006.03,16
Warud,1006.19,17
Wellington,1011.0,20
Warora,1005.71,23
Waris Aliganj,1006.39,42
Wardha,1007.0,14
Wai,1010.63,68
Yamunanagar,1006.19,48
Wani,1006.15,23
Walajapet,1008.47,32
Wadi,1007.11,32
Vyara,1008.91,30
Waraseoni,1005.87,23
Vriddhachalam,1008.79,37
Vizianagaram,1009.23,48
Wanparti,1007.19,24
Vrindavan,1003.87,22
Warangal,1008.31,65
Vuyyuru,1008.91,38
Viravanallur,1009.75,49
Wankaner,1008.19,14
Virarajendrapet,1010.15,62
Vite,1010.07,66
Virudunagar,1008.95,45
Vishakhapatnam,1009.31,95
Virar,1010.0,55
Vinukonda,1007.59,24
Villupuram,1008.91,36
Vijayawada,1007.63,28
Visnagar,1008.0,12
Vettaikkaranpudur,1011.0,20
Vikarabad,1012.0,22
Veraval,1010.19,50
Vetapalem,1008.91,76
Vidisha,1006.19,26
Vepagunta,1009.23,48
Visavadar,1008.59,13
Vijapur,1008.0,12
Venkatagiri,1008.83,32
Vemalwada,1007.07,25
Velur,1008.35,52
Vellore,1008.47,32
Vattalkundu,1008.83,46
Vejalpur,1007.03,18
Vedaraniyam,1010.03,100
Vasudevanallur,1009.75,49
Vasa,1008.0,12
Vasai,1010.0,55
Varkkallai,1009.0,63
Vasco Da Gama,1010.59,84
Varangaon,1006.23,14
Varanasi,1006.0,25
Valsad,1009.55,22
Vandavasi,1009.47,37
Yol,1007.75,54
Valparai,1008.0,59
Vaniyambadi,1008.47,32
Vallabh Vidyanagar,1008.0,12
Valabhipur,1007.79,25
Vadlapudi,1008.63,29
Vadnagar,1006.79,21
Vadodara,1007.55,21
Vaikam,1008.0,59
Vaijapur,1007.51,26
Vadippatti,1008.83,46
Vasind,1010.0,55
Uttarkashi,1007.63,87
Utraula,1005.59,41
Uttamapalaiyam,1009.75,60
Yarada,1009.31,95
Yerandwane,1010.07,33
Usilampatti,1008.83,46
Usehat,1004.43,26
Yairipok,1009.87,81
Ziro,1011.59,78
Vadakku Valliyur,1010.15,54
Waltair,1009.23,48
Wangjing,1009.87,81
Yelandur,1008.03,27
Waghai,1008.91,30
Yelbarga,1007.99,34
Vadamadurai,1008.83,46
Uravakonda,1006.91,19
Upleta,1009.39,16
Uran,1010.0,55
Zafarabad,1006.0,25
Unnao,1006.0,28
Uppal Kalan,1012.0,25
Un,1005.43,35
Una,1009.59,22
State of West Bengal,1007.91,95
Una,1007.15,94
Wadgaon,1010.07,33
Wallajahbad,1009.0,59
Unhel,1006.71,18
Uttiramerur,1009.0,59
Umred,1007.0,14
Umaria,1005.51,22
Ullal,1009.0,56
Umarkhed,1006.27,20
Umarkot,1008.07,47
Umarga,1007.47,24
Yechagām,1012.15,87
Ulhasnagar,1010.0,55
Ujjain,1006.71,18
Udumalaippettai,1011.0,20
Ujhani,1004.75,38
Vettavalam,1008.91,36
Verna,1010.59,84
Virpur,1006.51,17
Udgir,1007.31,35
Vilattikulam,1009.47,45
Udipi,1009.0,56
Udalguri,1011.31,73
Udankudi,1010.03,55
Udhampur,1007.87,49
Vijayapuri,1011.0,20
Viraganur,1008.51,33
Vinchia,1007.59,11
Vikravandi,1009.79,74
Udaipur,1006.03,49
Udaipura,1005.87,17
Udaipur,1009.75,85
Uchana,1005.43,42
Udaipur,1006.91,30
Ooty,1011.0,20
Turaiyur,1008.0,35
Tumsar,1005.87,23
Tuni,1008.95,62
Vada,1010.0,55
Vartej,1007.79,25
Unjha,1006.79,21
Tumkur,1014.0,16
Umreth,1008.0,12
Vengurla,1010.59,84
Vedasandur,1008.15,31
Tuljapur,1007.39,27
Tura,1010.19,94
Tundla,1003.67,19
Vansada,1008.91,30
Tufanganj,1009.31,54
Tulsipur,1005.59,41
Varca,1010.55,100
Un,1006.55,23
Valapattanam,1010.15,62
Thiruvananthapuram,1009.0,63
Tuensang,1012.03,88
Tondi,1009.87,96
Tonk,1005.87,23
Trichur,1008.0,59
Valangaiman,1008.75,34
Todabhim,1004.15,18
Todaraisingh,1006.31,36
Uttukkuli,1011.0,20
Titlagarh,1006.91,31
Vayalar,1008.0,59
Tisaiyanvilai,1010.03,55
Titagarh,1007.0,70
Thiruthani,1009.0,59
Tiruvannamalai,1008.91,36
Tiruvallur,1009.0,59
Cheyyar,1009.47,37
Valpoy,1010.19,40
Tiruvalla,1010.47,76
Tirupparangunram,1008.95,45
Tiruppuvanam,1008.95,45
Tohana,1006.31,66
Unchagao,1010.07,53
Vaghodia,1007.55,21
Valavanur,1009.79,74
Tirur,1009.0,59
Tiruttangal,1008.95,45
Tiruppur,1011.0,20
Tirumala,1008.19,29
Tirunelveli,1009.75,49
Tirupati,1008.19,29
Tiptur,1008.23,24
Tinsukia,1011.99,83
Tirthahalli,1010.11,73
Tinnanur,1009.0,59
Tikamgarh,1005.27,18
Tilhar,1004.79,33
Tiruchengode,1008.35,52
Tindivanam,1009.79,74
Tiruchchendur,1010.03,55
Tiruchchirappalli,1008.0,35
Tirukkoyilur,1008.91,36
Umri,1003.71,17
State of Uttar Pradesh,1006.0,28
Uri,1010.23,77
Umrala,1007.79,25
Vandalur,1009.0,59
Thiruvarur,1009.79,42
Thoubal,1009.87,81
Vallam,1008.0,35
Tijara,979.0,3
Thanesar,1006.31,51
Tharad,1005.79,16
Tulihal,1010.07,64
Tughlakābād,1007.0,19
Thanjavur,1008.0,35
Utran,1009.23,90
Turuvekere,1007.71,26
Thasra,1008.0,12
Uklana,1005.07,49
Thana Bhawan,1005.43,35
Thakurganj,1008.71,44
Tezpur,1010.91,78
Terdal,1008.75,30
Teonthar,1004.59,28
Thenkasi,1009.0,63
Thakurdwara,1005.75,62
Teni,1009.59,85
Thane,1010.0,55
Thalassery,1010.15,62
Uniara,1005.63,19
Uppiliyapuram,1008.0,35
Tekkali,1009.15,49
Telhara,1006.19,28
Ukwa,1006.31,33
Than,1007.47,9
Tekkalakote,1007.23,33
Tehri,1007.63,87
Udaigiri,1008.11,67
Ugu,1006.0,28
Trimbak,1009.47,21
Ujiārpur,1006.83,40
Udpura,1006.15,19
Tekari,1006.0,35
Tsrar Sharif,1010.35,87
Teghra,1006.39,42
Tasgaon,1010.07,53
Tarikere,1009.47,59
Tori Fatehpur,1004.91,26
Taramangalam,1008.31,32
Tharangambadi,1009.79,42
Tarana,1006.71,33
Tanuku,1008.39,28
Tandur,1007.95,29
Taoru,1007.0,19
Trimulgherry,1012.0,25
Tanda,1005.39,35
Tarakeswar,1007.0,70
Tanakpur,1005.75,41
Tanda,1005.19,47
Tamluk,1007.0,70
Talwara,1005.59,33
Taloda,1007.63,19
Tiruvānmiyūr,1009.0,59
Talwandi Bhai,1005.87,51
Talikota,1007.95,36
Taliparamba,1010.15,62
Tarn Taran,1008.0,28
Titron,1005.43,35
Taranagar,1004.47,27
State of Tripura,1009.71,76
Taleigao,1010.59,84
Topchanchi,1006.91,71
Talaja,1007.79,25
Talcher,1007.31,49
Talegaon Dabhade,1010.07,33
Takhatpur,1007.03,52
Tajpur,1005.75,62
Taki,1007.0,70
Tadpatri,1006.91,19
Tadepalle,1008.35,28
Surianwan,1006.0,25
Takhatgarh,1005.75,15
Suratgarh,1004.99,18
Tirumullaivasal,1009.83,66
Tirumakudal Narsipur,1008.03,27
Tikri,1005.43,35
Tadepallegudem,1008.39,28
Surandai,1009.75,49
Surajgarh,1004.83,38
Supaul,1008.11,49
Tral,1012.15,87
Titabar,1011.59,80
Sunel,1006.15,19
Tirodi,1005.87,23
Sundargarh,1005.79,28
Suriapet,1008.11,38
Sundarnagar,1008.47,87
Sunam,1005.79,43
Surat,1009.23,90
Thenzawl,1010.47,61
Tendukheda,1010.0,12
Suluru,1008.83,32
Sulya,1009.0,56
Tezu,1012.51,84
Tindwari,1004.19,25
Sulur,1011.0,20
Surendranagar,1007.47,9
Thiruvidaimaruthur,1008.75,34
Sultanpur,1005.31,40
Sultanpur,1008.0,28
Tikaitnagar,1004.71,25
Thirukattupalli,1008.0,35
Tawang,1011.43,61
Thanna Mandi,1009.67,79
Suket,1006.15,19
Tattayyangarpettai,1008.0,35
Tosham,1004.51,19
Timurnī,1006.03,16
Srivilliputhur,1009.75,60
Suar,1005.19,47
Tankara,1008.19,14
Srisailam,1008.19,37
Tekanpur,1004.31,13
Srivardhan,1010.91,61
Srivaikuntam,1010.03,55
Sriperumbudur,1009.0,59
Sriramnagar,1012.0,22
Srinagar,1007.07,72
Soygaon,1007.27,19
Srinivaspur,1014.0,16
Thandla,1007.07,19
Tankri,1005.11,44
Theog,1008.83,71
Srinagar,1012.15,87
Tarabha,1006.19,29
Soro,1006.71,51
Sri Dungargarh,1005.19,15
Tenāli,1008.35,28
Sri Madhopur,1006.03,49
Soron,1004.03,23
Srikakulam,1009.15,49
Tarapur,1010.07,80
Sorada,1008.47,64
Thiruvaiyaru,1008.0,35
State of Tamil Nādu,1008.15,31
Sonipat,1007.0,19
Sopur,1011.47,92
Talgram,1004.11,20
Talbahat,1005.27,34
Sonamukhi,995.0,61
Sonepur,1006.63,47
Songadh,1008.75,24
Sonari,1011.75,83
Sūbedārganj,1004.59,28
Sompeta,1008.51,73
Someshwar,1009.0,56
Solan,1008.83,71
Susner,1006.15,17
Sojitra,1008.0,12
Talen,1006.47,17
Sojat,1005.27,12
Karanpur,1005.91,33
Tira Sujanpur,1006.87,58
Sohagpur,1006.15,22
Swamimalai,1008.75,34
Sohna,1007.0,19
Siwana,1004.63,11
Siwan,1006.91,42
Sivakasi,1008.95,45
Sonari Town,1005.75,30
Sivagiri,1008.35,52
Sitapur,1004.59,26
Sitarganj,1005.31,41
Sivaganga,1009.19,44
Siuri,995.0,61
Sivagiri,1009.75,60
Siswa Bazar,1006.91,38
Surgana,1009.47,20
Siruguppa,1007.23,33
Sirumugai,1011.0,20
Sisauli,1005.43,35
Tal,1006.47,22
Sirsi,1009.59,50
Sirur,1009.31,47
Sumbal,1011.47,92
Sirsaganj,1003.71,19
Sirsi,1004.91,38
Suntikoppa,1009.95,55
Sirsilla,1007.07,25
Sirsa,1004.59,34
Sirhind,1006.55,72
Sironj,1005.75,21
Suchindram,1010.15,54
Sitamarhi,1007.23,49
Sirohi,1006.59,18
Sirkazhi,1009.83,66
Sira,1007.55,24
Sodpur,1007.0,70
Sinnar,1009.47,21
Singur,1007.0,70
Shimla,1008.83,71
Simdega,1006.87,70
Sultanpur,1006.19,26
Silvassa,1009.55,22
Sultanpur,1006.31,68
Silchar,1009.95,82
Silao,1006.0,49
Sikar,1005.19,37
Singanallur,1011.0,20
Sorab,1009.59,50
Sikandra Rao,1004.03,23
Sillod,1012.0,15
Sikandarpur,1005.71,34
Singarayakonda,1008.43,27
Sindhnur,1007.23,33
Sikka,1009.39,30
Sonegaon,1007.0,14
Sikandarabad,1007.0,19
Sijua,1006.91,71
Sindgi,1007.51,34
Solim,1010.59,84
Sohāwal,1004.87,19
Sihora,1010.0,12
Sihor,1007.79,25
Siddipet,1007.71,27
Sorbhog,1010.51,83
Sidlaghatta,1014.0,16
Sidhi,1004.59,18
Sibsagar,1011.75,83
Sonamura,1009.75,85
Shrigonda,1009.31,47
Shujalpur,1006.47,17
Siddhapur,1006.79,21
Shrirampur,1007.0,70
Sidhauli,1006.0,28
Shrirangapattana,1007.75,25
Shorapur,1007.11,32
Shoranur,1009.0,59
Sital,1005.19,15
Solapur,1006.91,19
Sholinghur,1008.47,32
Soalkuchi,1010.0,69
Shivpuri,1005.55,16
Shirpur,1007.03,19
Sringeri,1009.0,56
Srimushnam,1008.79,37
Shirdi,1008.19,21
Shishgarh,1005.19,47
Shirhatti,1008.59,28
Sirsa,1004.99,30
Shiliguri,1009.87,93
Sodarpur,1005.75,21
Somvarpet,1009.95,55
Shimoga,1009.47,59
Sirpur,1006.95,28
Shillong,1010.0,69
Sohagi,1004.59,28
Shikohabad,1003.71,19
Sitamau,1006.47,22
Shikarpur,1004.31,26
Sivni,1006.27,15
Shertallai,1008.0,59
Shiggaon,1010.03,82
Sinor,1007.55,21
Sherkot,1005.75,62
Shikarpur,1008.83,46
Sirmaur,1004.59,18
Singapperumalkovil,1009.0,59
Simga,1008.0,20
Shegaon,1006.19,28
Singtam,1010.07,90
Shantipur,1007.0,70
Sirathu,1004.91,46
Sheoganj,1005.75,15
Singoli,1007.15,31
Sherghati,1006.0,35
Sheopur,1004.83,18
Sheohar,1007.23,49
Shamsabad,1004.43,26
Shamsabad,1003.67,19
Shamli,1005.43,35
Sindi,1007.0,14
Shamgarh,1006.47,22
State of Sikkim,1010.55,80
Shaikhpura,1006.39,42
Shahpur,1006.0,49
Shahpur,1005.43,35
Simauri,1006.0,28
Sikandra,1003.67,19
Sini,1005.87,37
Sikandra,1003.87,18
Shahpur,1006.23,14
Shahpura,1007.0,13
Shahpura,1006.71,41
Simaria,1004.87,19
Shahpur,1007.11,32
Shahi,1005.19,47
Shahjahanpur,1004.59,27
Shahada,1007.63,19
Shahabad,1004.59,27
Shahabad,1006.31,51
Shahdol,1005.47,17
Shahabad,1005.19,47
Siddapur,1009.59,50
Seram,1007.95,29
Shahabad,1007.47,39
Shravanabelagola,1008.31,28
Shahganj,1006.0,25
Seoni Malwa,1006.03,16
Shupiyan,1010.35,87
Shivrajpur,1007.71,21
Serchhip,1010.47,61
Seoni,1006.39,35
Shajapur,1006.71,33
Secunderabad,1012.0,25
Sawai Madhopur,1005.63,29
Seohara,1005.75,62
Sayla,1007.47,9
Seondha,1003.67,17
Sendhwa,1007.03,19
Sidhpura,1004.03,23
Savda,1006.75,18
Sehore,1006.47,17
Sausar,1007.0,14
Savantvadi,1010.59,50
Savanur,1008.59,28
Saundatti,1010.31,75
Shirgaon,1010.07,80
Sathyamangalam,1011.0,20
Sattenapalle,1008.35,28
Sattur,1008.95,45
Satara,1010.59,55
Satana,1008.35,19
Satna,1004.87,19
Sasvad,1010.07,33
Shirwal,1010.63,68
Sarwar,1006.71,41
Sarkhej,1008.0,12
Sarai Mir,1006.0,25
Shamspur,1004.23,22
Sardarshahr,1004.31,14
Sardhana,1005.43,35
Sarangpur,1006.71,33
Sardulgarh,1005.15,46
Shahpur,1008.19,13
Saraipali,1005.75,27
Shahpura,1010.0,12
Shahpur,1006.67,31
Shankargarh,1004.59,28
Saoner,1007.0,14
Sarai Akil,1004.59,28
Sarauli,1005.19,47
Shergarh,1005.19,47
Sankrail,1007.0,70
Sankeshwar,1010.31,64
Sangrur,1005.79,43
Sangola,1008.43,28
Sangod,1006.03,29
Sarangarh,1005.75,27
Sangli,1010.07,53
Sangaria,1005.31,35
Shahapur,1010.0,55
Sancoale,1010.59,84
Shahpur,1006.03,19
Sandur,1007.47,29
Sangareddi,1012.0,25
Sanawad,1006.23,18
Sandi,1004.59,27
Sanaur,1006.55,72
Sanchor,1006.23,21
Sandila,1006.0,28
Samthar,1004.35,31
Sewar,1003.75,20
Sangamner,1008.19,21
Shahgarh,1004.79,17
Sanand,1008.0,12
Shahkot,1006.55,88
Samrala,1006.55,72
Samalkot,1008.83,42
Sambhar,1007.0,13
Seorinarayan,1005.75,27
Sambhal,1004.91,38
Samalkha,1005.55,36
Salur,1009.71,79
Sham Churasi,1005.59,33
Serula,1010.59,84
Shāhjahānpur,1005.11,44
Seoni,1008.83,71
Sayalkudi,1009.95,87
Satwas,1006.51,27
Salaya,1009.39,30
Salem,1008.35,52
Sambalpur,1006.07,44
Sakti,1005.59,24
Salumbar,1006.43,19
Shahpur,1005.15,20
Sakleshpur,1009.79,51
Sasni,1003.87,22
Sargur,1008.75,33
Sainthia,995.0,61
Saurikh,1003.87,21
Sarila,1004.23,38
Saiha,1010.39,55
Sailu,1006.59,20
Saidpur,1006.0,25
Sahibganj,1008.31,71
Saharsa,1007.27,40
Sahaspur,1005.75,62
Saint Thomas Mount,1009.0,59
Sahawar,1004.03,23
Sagar,1005.55,22
Sahaswan,1004.43,30
Samastipur,1006.83,40
Samdari,1004.63,11
Sagauli,1007.47,40
Saharanpur,1006.19,48
Sagar,1009.59,50
Samba,1006.03,37
Sadalgi,1010.07,53
Sadaseopet,1012.0,25
Safipur,1006.0,28
Sadri,1005.75,15
Sadabad,1003.87,22
Sabalgarh,1004.11,19
Rusera,1006.83,40
Safidon,1005.55,36
Rura,1003.87,18
Rupnagar,1008.51,93
Rudarpur,1005.63,32
Roorkee,1006.31,68
Robertsganj,1005.15,22
Ron,1008.91,45
Rohtak,1007.0,19
Risod,1006.91,35
Roha,1010.75,49
Robertsonpet,1014.0,16
Rishra,1007.0,70
Rishikesh,1007.07,72
Rewari,1007.0,19
Ringas,1007.0,13
Rewa,1004.87,19
Richha,1005.31,41
Revelganj,1006.0,49
Reoti,1006.23,34
Renukut,1004.99,23
Remuna,1006.71,62
Repalle,1008.91,38
Raybag,1009.67,56
Rayachoti,1007.91,27
Razam,1009.71,79
Renigunta,1008.83,32
Rayadrug,1007.47,29
Rawatbhata,1007.23,52
Rawatsar,1004.91,29
Raya,1003.87,22
Raxaul,1007.47,40
Rath,1004.23,38
Ratia,1005.07,49
Ratanpur,1006.31,35
Rehli,1005.51,26
Raver,1006.23,14
Ratangarh,1004.31,14
Rapar,1007.03,16
Rasra,1005.71,34
Rasipuram,1008.35,52
Ranipur,1004.91,26
Ranikhet,1006.71,60
Ratnagiri,1011.03,95
Ranibennur,1008.83,46
Ranchi,1006.07,26
Raniganj,995.0,61
Rangia,1010.0,69
Ranavav,1009.95,47
Rangapara,1011.31,73
Rampur Hat,1007.91,77
Rampura,1005.15,46
Ramtek,1007.0,14
Ranaghat,1007.0,70
Rampura,1007.03,63
Rampur,1006.19,48
Ratlam,1006.79,19
Rania,1004.59,34
Rampur,1005.19,47
Ramnagar,1006.71,60
Ramnagar,1007.47,40
Ramnagar,1006.0,25
Ramjibanpur,1006.75,52
Ramgarh,1005.87,46
Ramgarh,1006.47,62
Ramganj Mandi,1006.15,19
Rameswaram,1010.19,100
Ramachandrapuram,1008.83,42
Rajura,1006.15,23
Ramanagaram,1014.0,16
Rajsamand,1006.87,36
Rajula,1008.79,27
Rajpur,1007.03,23
Rajpur,1007.51,20
Raj Nandgaon,1005.87,22
Rajpipla,1008.15,24
Rajpura,1006.87,39
Rajmahal,1008.31,71
Rajgir,1006.0,35
Rajgarh,1005.87,17
Rajgarh,1004.35,21
Rajgurunagar,1010.07,33
Rajgarh,1004.15,18
Rajauri,1009.67,79
Rajgarh,1007.07,19
Rajapalaiyam,1009.75,60
Rajaldesar,1004.31,14
Rajampet,1007.75,26
Sanwer,1006.91,18
Sarahan,1009.03,93
Satrikh,1006.0,28
Sapatgram,1009.95,57
Rajkot,1008.19,13
Santokhgarh,1007.15,94
Sarka Ghat,1008.47,87
Ramapuram,1008.47,32
Santoshpur,1007.0,70
Ramanathapuram,1009.19,44
Rajakhera,1003.67,19
Rajahmundry,1008.39,28
Raipur,1008.0,20
Samālkha,1007.0,19
Raisinghnagar,1005.03,22
Raigarh Fort,1010.91,61
Raipur,1007.87,67
Sāmbre,1010.19,40
Ramkola,1006.91,38
Rani,1005.75,15
Rajur,1005.71,23
Raikot,1005.87,35
Ramban,1007.87,49
Sāmālji,1006.51,17
Sakit,1004.03,23
Sathankulam,1010.03,55
Ramnagar,1008.87,42
Raisen,1006.19,26
Saligao,1010.59,84
Salon,1004.91,46
Rājnagar,1006.87,36
Rampura,1003.71,17
Raiganj,1008.39,56
Sābarmatī,1008.0,12
Raigarh,1005.75,33
Saraikela,1005.87,37
Sarubera,1006.59,64
Sanquelim,1010.59,84
Sankheda,1007.71,21
Rengali,1006.07,44
Ramapuram,1006.91,19
Raichur,1006.75,21
Saidpur,1004.75,30
Rahuri,1008.75,34
Rahimatpur,1010.07,66
Rahatgarh,1005.55,22
Ramnagar,1006.0,28
Raipur,1005.27,12
Rajgarh,1008.03,92
Rāyagada,1009.63,65
Razole,1009.31,91
Rohru,1008.27,56
Sanvordem,1010.11,64
Sarai Ekdil,1003.87,21
Raghogarh,1005.87,17
Ram Das,1008.0,26
Radhanpur,1006.23,18
Sadat,1006.0,25
Raghunathpur,995.0,61
Saitlaw,1009.87,70
Rae Bareli,1006.0,28
Sachin,1009.23,90
Rafiganj,1006.0,35
Kollam,1009.0,63
Rabkavi,1009.67,56
Sabathu,1008.51,93
Sanchi,1006.19,26
Qasba,1007.99,49
Sanguem,1010.11,64
Riasi,1007.87,49
Rumbak,1012.79,90
Rampur,1008.83,71
Pushkar,1005.27,13
Puttur,1008.99,31
Puttur,1009.0,56
Ramanuj Ganj,1005.19,24
Pusad,1006.91,40
Ranapur,1007.07,19
Qadian,1008.0,28
Rehti,1006.43,32
Sāson,1006.07,44
Puruliya,1006.47,67
Purwa,1006.0,28
Purnia,1007.99,49
Sairang,1009.87,70
Roha,1008.67,26
Sankra,1004.43,30
Rangpo,1010.07,90
Sahār,1004.47,39
Purna,1006.51,18
Rambha,1008.47,75
Puri,1008.67,88
Sanivarsante,1008.31,28
Pupri,1007.55,42
Sabzi Mandi,1007.0,19
Pune,1010.07,33
Pundri,1006.31,51
Revadanda,1010.0,55
Ray,1006.07,26
Rajapur,1004.71,26
Puranpur,1005.75,41
Punalur,1009.0,63
Punasa,1006.23,18
Punjai Puliyampatti,1011.0,20
State of Rājasthān,1005.27,12
Punganuru,1008.47,39
Saifullāhganj,1004.43,30
Pulwama,1010.35,87
Ranir Bazar,1009.67,97
Rajapur,1010.59,41
Pukhrayan,1003.87,18
Rehra Bāzār,1005.27,39
Raja Sansi,1008.0,28
Punahana,979.0,3
Proddatur,1007.15,23
Sabrum,1010.19,65
Puliyangudi,1009.75,49
Pulivendla,1006.95,21
Pulgaon,1005.83,23
Rasulabad,1006.0,28
Rudraprayag,1007.79,79
Ratangarh,1006.63,24
Rāmghāt,1004.43,30
Sailana,1006.79,19
Port Blair,1010.07,100
Ramgarh,1009.67,79
Raia,1010.59,84
Rahon,1007.15,94
Raha,1010.75,66
Raiwala,1006.31,68
Rajnagar,1004.59,14
Porsa,1003.67,17
Ponnuru,1008.35,28
Poonamalle,1009.0,59
Porbandar,1009.95,47
Pokaran,1004.47,18
Pollachi,1011.0,20
Pudukkottai,1008.0,35
Pratapgarh,1006.55,21
Pithapuram,1008.47,36
Ponnani,1009.0,59
Ponneri,1009.0,59
Ponda,1010.59,84
Polur,1008.71,33
Polasara,1008.47,64
Puducherry,1009.79,74
Piravam,1008.0,59
Pithoragarh,1007.83,86
Piro,1005.71,33
Qazigund,1010.35,87
Quepem,1010.55,100
Pipili,1007.83,49
Rabupura,1007.0,19
Pipraich,1006.03,30
Piriyapatna,1008.31,28
Pipar,1005.23,22
Pinjaur,1006.87,39
Pipri,1012.0,15
Pimpri,1010.07,33
Radaur,1006.19,48
Pilkhua,1007.0,19
Pinahat,1003.71,19
Pura Raghunāth,1006.0,25
Pindwara,1006.75,16
Raghunathpur,1007.99,49
Pratapgarh,1005.31,48
Queula,1010.59,84
Rafiābād Kalān,1004.43,26
Radha Kund,1004.47,39
State of Punjab,1006.55,88
Pilani,1004.83,38
Phillaur,1006.55,88
Pilibangan,1004.99,18
Phirangipuram,1008.35,28
Pihani,1004.59,26
Phulabani,1007.87,45
Pilibhit,1005.31,41
Phagwara,1006.55,88
Phulera,1007.0,13
Phulpur,1005.31,48
Petlad,1008.0,12
Purushottampur,1008.47,64
Phaphund,1003.71,17
Perumpavur,1008.0,59
Phaltan,1009.63,42
Periyanayakkanpalaiyam,1011.0,20
Phalauda,1005.31,47
Peranampattu,1008.47,39
Peravurani,1009.43,62
Penugonda,1008.39,28
Phalodi,1004.47,22
Perundurai,1011.0,20
Pennadam,1008.79,37
Perambalur,1008.0,35
Pawayan,1004.79,33
Penukonda,1007.47,23
Periyakulam,1009.59,85
Pehowa,1006.31,51
Pennagaram,1008.31,32
Pen,1010.0,55
Peddapalli,1007.19,28
Peddapuram,1008.83,42
Pavagada,1007.11,20
Patur,1006.27,15
Phek,1011.63,60
Pauni,1007.0,14
Payyannur,1010.35,94
Patti,1008.0,28
Pauri,1007.07,72
Patnagarh,1006.19,29
Pattukkottai,1009.43,62
Pudur,1008.47,32
Pudur,1008.95,45
Podame,1009.59,22
Patna,1006.0,49
Patiala,1006.55,72
Pathri,1006.59,20
Patharia,1005.15,20
Pathardi,1007.43,17
Ponnampet,1008.75,33
Patan,1006.55,23
Pathalgaon,1005.75,21
Pathankot,1006.39,42
Pathardih,1006.47,67
Patamundai,1007.63,59
Parvatsar,1005.87,46
Pasighat,1012.39,78
Pathanamthitta,1010.47,67
Patancheru,1012.0,25
Pataudi,1007.0,19
Parichhatgarh,1004.75,30
Parola,1007.19,21
Parlakimidi,1009.15,49
Parvatipuram,1009.71,79
Pasan,1005.91,20
Parli Vaijnath,1007.47,47
Pardi,1009.55,22
Partur,1006.71,18
Parbhani,1006.51,18
Piploda,1006.71,18
Parnera,1009.55,22
Petlawad,1007.07,19
Pernem,1010.59,84
Papanasam,1008.0,35
Pendra,1005.91,20
Paonta Sahib,1008.03,92
Paramagudi,1009.19,44
Paradip Garh,1007.63,59
Phulpur,1005.47,43
Pappinisseri,1010.15,62
Peraiyur,1008.95,45
Panvel,1010.0,55
Ponnamaravati,1008.0,35
Panruti,1009.79,74
Parasia,1006.23,15
Panna,1004.71,14
Panihati,1007.0,70
Puduppatti,1008.0,35
Puduvayal,1009.0,59
Panipat,1005.55,36
Pandua,1007.0,70
Pandhurna,1006.19,29
Patiali,1004.43,26
Patan,1010.59,55
Palmaner,1008.47,39
Pīrthala,1007.0,19
Paravur,1009.0,63
Pandharpur,1007.15,18
Pennattur,1008.91,36
Paloncha,1007.87,30
Pallavaram,1009.0,59
Union Territory of Puducherry,1009.79,74
Pallippatti,1008.55,31
Palani,1009.59,85
Panaji,1010.59,84
Palwal,1007.0,19
Patan,1008.0,20
Peranamallur,1008.71,33
Parshadepur,1004.91,46
Palladam,1011.0,20
Pallappatti,1008.15,31
Palkonda,1009.15,49
Pallikondai,1008.47,32
Puliyur,1008.0,35
Perur,1011.0,20
Periyapatti,1011.0,20
Periyanegamam,1011.0,20
Pattan,1011.47,92
Pullambadi,1008.0,35
Paraspur,1004.71,25
Pithora,1006.19,28
Pawai,1004.87,16
Palitana,1007.79,25
Pali,1004.67,13
Prāgpura,1005.75,43
Palia Kalan,1004.71,31
Pali,1005.51,22
Pandavapura,1007.75,25
Panagar,1010.0,12
Patti,1005.31,48
Pansemal,1007.03,19
Patrasaer,995.0,61
Palakkodu,1008.27,32
Pirawa,1006.15,17
Palakollu,1008.39,28
Pipalkoti,1008.39,78
Pakaur,1008.43,79
Pakala,1008.47,32
Paithan,1012.0,15
Pātolī,1004.15,18
Pathena,1004.15,18
Palanpur,1006.79,21
Palera,1004.91,26
Phariha,1004.03,23
Partapur,1006.55,19
Patan,1010.0,12
Papparappatti,1008.31,32
Patuli,1007.19,58
Pahasu,1004.31,26
Pantnagar,1005.31,41
Parichha,1004.43,20
Palakkad,1011.0,20
Palasa,1009.07,81
Panhala,1010.07,53
Padampur,1006.19,28
Padampur,1004.99,18
Pachperwa,1006.71,40
Pachora,1007.27,19
Papireddippatti,1008.55,31
Osmanabad,1007.39,27
Parol,1006.39,42
Ottappalam,1009.0,59
Orai,1004.35,31
Okha,1009.71,76
Padra,1007.55,21
Palghar,1010.0,55
Ongole,1008.07,26
Padrauna,1006.91,38
Palayam,1009.0,63
Obra,1005.15,22
Padmanabhapuram,1009.0,63
Nuzvid,1008.03,28
Olpad,1008.39,65
Nurpur,1005.75,62
Ojhar,1009.47,20
North Lakhimpur,1011.35,74
North Guwahati,1010.0,69
Palle,1010.59,84
Nokha,1005.47,22
Nongstoin,1010.43,90
Nohar,1004.59,34
Noamundi,1006.59,41
Nizamabad,1007.03,25
Nirmal,1006.95,34
Paralākhemundi,1009.15,49
Nirmali,1008.11,49
Pallipattu,1008.47,32
Nimaj,1005.23,22
Nipani,1010.31,64
Neem ka Thana,1006.03,49
Nilokheri,1006.31,51
Nimbahera,1006.75,21
Nimaparha,1008.67,88
Nileshwar,1010.35,94
Pandhana,1006.35,16
Nilgiri,1006.71,62
Nilanga,1007.47,24
Pandaria,1007.03,52
Panara,1006.23,15
Nichlaul,1008.23,74
Pandoh,1008.47,87
Neral,1010.0,55
Nihtaur,1005.75,62
Nepa Nagar,1006.35,16
Nellore,1008.63,29
Nellikkuppam,1009.79,74
Nidadavole,1008.39,28
Pallattur,1008.0,35
Oran,1004.71,26
Paliyad,1007.59,11
Pahalgam,1012.31,91
Nayagarh,1008.03,62
Nelamangala,1014.0,16
Nawashahr,1007.15,94
Nayudupeta,1008.83,32
Pali,1005.27,18
Nedumangad,1009.0,63
Niwai,1007.0,13
Palamedu,1008.83,46
Palasbari,1010.0,69
Pachmarhi,1006.23,15
New Delhi,1007.0,19
Neyyattinkara,1009.0,63
Orchha,1005.27,34
Panchgani,1010.63,68
Nilakottai,1008.83,46
Nurpur Kalan,1007.15,94
State of Odisha,1008.11,67
Numaligarh,1011.19,74
Omalur,1008.31,32
Nongpoh,1010.0,69
Nirsa,995.0,61
Nawabganj,1005.31,41
Nawabganj,1005.27,39
Nawalgarh,1005.19,37
Netarhat,1006.03,20
Nīmrāna,1005.11,44
Nyamati,1008.83,46
Nizamabad,1006.0,25
Pālam,1007.0,19
Nawada,1006.0,35
Paddhari,1008.19,13
Nasirabad,1005.63,19
Narnaund,1005.43,42
Narayangarh,1008.03,92
Niwari,1007.0,19
Nuh,1007.0,19
Narsimhapur,1005.71,17
Nautanwa,1007.67,77
Narwar,1004.31,13
Narsinghgarh,1005.87,17
Nasrullahganj,1006.43,32
Odugattur,1008.47,32
Naregal,1008.91,45
Pahārganj,1007.0,19
Nurmahal,1006.55,88
Palampur,1008.95,91
Nattam,1008.83,46
Nasik,1009.47,21
Nargund,1008.91,45
Navalgund,1008.91,45
Needamangalam,1008.75,34
Narasannapeta,1009.15,49
Naya Bazar,1009.87,93
Naspur,1007.19,28
Nasriganj,1005.71,33
Nawanshahr,1008.0,36
Narwana,1005.43,42
North Vanlaiphai,1010.47,61
Nandgaon,1008.35,19
Nawa,1005.87,46
Narasaraopet,1007.59,24
Nazira,1011.75,83
Narauli,1004.91,38
Naraura,1004.43,30
Navadwip,1007.19,58
Naraina,1007.0,13
Nanjangud,1008.03,27
Nathdwara,1006.87,36
Odlabari,1010.07,90
Naugachhia,1007.47,48
Narsipatnam,1008.95,62
Narasapur,1009.31,91
Napasar,1005.19,15
Narnaul,1005.11,44
Nangloi Jat,1007.0,19
Namrup,1012.35,92
Nandyal,1007.31,23
Naravarikuppam,1009.0,59
Nangal Township,1007.15,94
Nanpara,1004.63,29
Narayanpet,1007.79,44
Nawabganj,1006.0,28
Naraini,1004.91,42
Nanauta,1006.19,48
Nalhati,1008.43,79
Nandigama,1007.63,28
Nandura,1006.23,14
Naroda,1008.0,12
Nambiyur,1011.0,20
Namakkal,1008.35,52
Nandurbar,1007.63,19
Nandikotkur,1006.99,22
Namagiripettai,1008.35,52
Nalgonda,1008.07,40
Nainpur,1006.31,33
Naini Tal,1006.71,60
Nainwa,1006.31,36
Naksalbari,1008.71,44
Naihati,1007.0,70
Nagpur,1007.0,14
Nagod,1004.71,14
Najibabad,1005.75,62
Nahorkatiya,1012.35,92
Nagar Karnul,1008.19,37
Nakodar,1006.55,88
Nabha,1006.55,72
Nagar,1005.19,40
Nahan,1008.03,92
Murwara,1004.87,16
Nakur,1006.19,48
Nagappattinam,1009.79,42
Naldurg,1007.39,27
Mussoorie,1007.87,67
Muttupet,1009.43,62
Muzaffarnagar,1005.43,35
Nagamangala,1007.75,25
Nadbai,1003.75,20
Nagari,1008.99,31
Nadiad,1008.0,12
Muzaffarpur,1006.0,49
Nadapuram,1009.0,59
Mysore,1007.75,25
Nagaur,1004.95,17
Nagda,1006.71,18
Mushabani,1005.75,30
Muvattupula,1008.0,59
Nagercoil,1009.0,63
Nabinagar,1005.43,28
Nagina,1005.75,62
Musiri,1008.0,35
Murtajapur,1006.59,39
Murshidabad,1007.91,95
Murliganj,1007.67,49
Morinda,1006.87,39
Murbad,1010.0,55
Munger,1006.75,52
Muradnagar,1007.0,19
Munnar,1010.07,62
Mundra,1009.07,56
Mundwa,1004.95,17
Mundgod,1010.03,82
Multai,1006.19,17
Mundargi,1007.79,46
Mungaoli,1005.91,38
Navelim,1010.59,84
Mulki,1009.0,56
Mulgund,1008.59,28
Mulappilangad,1010.15,62
Mukher,1007.31,35
Mulbagal,1008.47,39
Muktsar,1006.47,62
Muhammadabad,1004.43,26
Mukerian,1005.59,33
Muhammadabad,1005.71,34
Mul,1006.47,28
Mughal Sarai,1006.0,25
Muhammadabad,1005.47,35
Mudhol,1009.67,56
Motihari,1007.23,49
Mudgal,1007.95,36
Morwa,1007.03,18
Mudkhed,1006.59,19
Mungeli,1007.03,52
Mudbidri,1009.0,56
Mubarakpur,1005.47,35
Muddebihal,1007.95,36
Morsi,1006.19,17
Morena,1003.87,18
Nawabganj,1006.0,28
Morar,1003.87,18
Naduvattam,1008.55,29
Morbi,1008.19,14
Mon,1012.35,92
Moga,1005.87,51
Moram,1007.39,27
Mokama,1006.39,42
Modasa,1006.51,17
Nanguneri,1010.15,54
Miranpur Katra,1004.79,33
Misrikh,1004.59,26
Moradabad,1004.91,38
Mihona,1003.71,17
Miranpur,1005.31,47
Mokokchung,1012.03,88
Milak,1005.19,47
Mirganj,1005.19,47
Minjur,1009.0,59
Mhasvad,1008.43,28
Moirang,1010.07,64
Mirzapur,1006.0,25
Mustafabad,1006.19,48
Mettur,1008.31,32
Mirialguda,1007.39,26
Mettupalayam,1011.0,20
Merta,1005.23,22
Memari,1007.0,70
Melur,1008.75,38
Mendarda,1009.39,16
Narayanavanam,1008.99,31
Mehndawal,1006.03,30
Nangavalli,1008.31,32
Mehekar,1006.27,15
Meerut,1004.75,30
Medinipur,1007.31,61
Medak,1012.0,25
Mayang Imphal,1010.07,64
Mayiladuthurai,1009.83,66
Nattarasankottai,1009.19,44
Mavoor,1009.0,59
Mawana,1005.31,47
Mavelikara,1010.47,67
Maur,1005.15,46
Narasingapuram,1008.19,29
Mauganj,1004.59,18
Mau,1003.67,17
Maudaha,1004.19,25
Mau Aimma,1005.31,48
Mau,1005.47,35
Markapur,1007.59,24
Masaurhi Buzurg,1006.0,49
Mariahu,1006.0,25
Matabhanga,1009.31,54
Marmagao,1010.59,84
Namchi,1009.87,93
Mariani,1011.59,80
Marhaura,1006.0,49
Margherita,1012.35,92
Marakkanam,1009.79,74
Naliya,1008.67,26
Nagram,1006.0,28
Nagwa,1009.59,22
Narasimharajapura,1009.47,59
Marahra,1004.03,23
Nāgasari,1008.79,27
Manwat,1006.59,20
Nandgaon,1004.47,39
Mapuca,1010.59,84
Manvi,1007.19,39
Nagrota,1006.87,58
Mattanur,1010.15,62
Mathura,1004.47,39
Mansa,1005.79,43
Manthani,1007.31,30
Naigarhi,1004.59,18
Mannargudi,1008.75,34
Manmad,1008.35,19
Mannarakkat,1009.0,59
Manoharpur,1007.0,13
Nalagarh,1008.51,93
Nagar,1009.59,87
Namli,1006.79,19
Mankachar,1010.19,94
Nadigaon,1003.71,17
Murud,1010.75,49
Manjlegaon,1006.59,20
Manjhanpur,1004.91,46
Manjeri,1009.0,59
Nagothana,1010.0,55
Nannilam,1009.79,42
Narendranagar,1007.07,72
Manihari,1008.31,71
Mangrol,1010.19,50
Mansa,1008.0,12
Narsingi,1012.0,25
State of Nāgāland,1011.47,72
Maniar,1005.71,34
Narayangarh,1006.55,21
Nambutalai,1009.87,96
Mangaldai,1010.0,69
Mangalagiri,1008.35,28
Mugma,995.0,61
Nadaun,1006.87,58
Nagla Dhīmar,1003.67,19
Mandya,1007.75,25
Nagireddipalli,1007.75,26
Mursan,1003.87,22
Mandvi,1009.07,56
Maner,1006.0,49
Mandvi,1008.91,30
Mandla,1005.83,19
Mangalore,1009.0,56
Mandsaur,1006.55,21
Manglaur,1006.31,68
Mandi,1008.47,87
Munirabad,1007.99,34
Mowar,1006.19,29
Mandapam,1010.19,100
Muragacha,1007.19,58
Mudigere,1009.79,51
Mandalgarh,1007.15,31
Murgud,1010.31,64
Mandapeta,1008.83,42
Mancheral,1007.19,28
Mandal,1007.59,56
Muri,1006.47,62
Morjim,1010.59,84
Mulanur,1008.15,31
Mohanpur,1004.71,31
Mundi,1006.23,18
Manawar,1007.03,23
Manavadar,1009.39,16
Manasa,1006.63,24
Manamadurai,1009.19,44
Manapparai,1008.0,35
Mudukulattur,1009.19,44
Musafirkhana,1004.91,38
Mirik,1009.87,93
Moranha,1011.75,83
Malvan,1010.91,97
Malur,1014.0,16
Moth,1004.35,31
Malpe,1009.0,56
Malpura,1005.87,23
Mallasamudram,1008.35,52
Malkapur,1006.23,14
Mohanbāri,1011.91,75
Mandawar,1005.31,47
Mohan,1006.0,28
Manali,1009.0,59
Mangrul Pir,1006.03,16
Mohgaon,1006.19,29
Malegaon,1008.35,19
Mirzāpur,1004.59,27
Maler Kotla,1005.87,35
Malavalli,1007.75,25
Mogalrājapuram,1007.63,28
Malappuram,1009.0,59
Malaut,1005.31,35
Makum,1011.99,83
Milkīpur,1005.31,40
Mohiuddinnagar,1006.0,49
Mohpa,1007.0,14
Makrana,1005.87,46
Mohanur,1008.0,35
Maksi,1006.71,33
Malkangiri,1008.39,24
Malihabad,1006.0,28
Mainaguri,1008.99,54
Mainpuri,1003.87,21
Mhasla,1010.91,61
Maihar,1004.91,26
Mettuppalaiyam,1008.0,35
Mahwah,1004.15,18
State of Meghālaya,1010.43,90
Meerut,1007.0,19
Mahudha,1008.0,12
Maholi,1004.59,26
Mahoba,1004.63,32
Mairwa,1006.31,33
Mahendragarh,1005.11,44
Mangrol,1005.31,19
Maheshwar,1006.75,21
Mahgawan,1003.67,17
Mahe,1010.15,62
Mahemdavad,1008.0,12
Melukote,1007.75,25
Mahasamund,1008.0,20
Mahbubabad,1008.11,38
State of Mizoram,1010.55,59
Mahbubnagar,1008.35,35
Meghraj,1006.51,17
Maharajganj,1006.03,30
Maharajganj,1006.91,42
Mahmudabad,1006.0,28
Mayakonda,1008.15,36
Mahishadal,1008.35,73
Mali and Munjeri,1010.07,33
Mahad,1010.91,61
Masinigudi,1008.55,29
Mehnagar,1006.0,25
Madurantakam,1009.0,59
Matheran,1010.0,55
Maurawan,1006.0,28
Magadi,1014.0,16
Madurai,1008.83,46
Madukkarai,1011.0,20
Madukkur,1009.43,62
Madikeri,1009.95,55
Makhjan,1011.03,78
Madhupur,1006.91,71
Madhugiri,1007.47,23
Madhyamgram,1007.0,70
Maham,1004.51,19
Mattur,1008.79,37
Chennai,1009.0,59
Marandahalli,912.0,30
Madhipura,1007.67,49
Mānpur,1007.0,19
Mataundh,1004.91,42
Madgaon,1010.59,84
Manoharpur,1006.63,47
Madhubani,1007.55,42
State of Manipur,1010.75,64
Maddur,1007.75,25
Machilipatnam,1008.91,38
Mānpur,1004.15,18
Mangalam,1009.19,44
Madanapalle,1007.91,27
Machhiwara,1007.15,94
Mansar,1007.0,14
Machhlishahr,1006.0,25
Manohar Thana,1005.87,17
Macherla,1007.91,41
Lunavada,1006.39,17
Lunglei,1010.55,59
Manor,1009.79,23
Ludhiana,1006.55,88
Luckeesarai,1006.39,42
Lucknow,1006.0,28
Losal,1005.19,37
Maghar,1006.03,30
Mangawan,1004.59,18
Mankapur,1005.27,39
Loni,1007.0,19
Manjhāoli,1007.0,19
Mahalingpur,1009.67,56
Manikpur,1004.71,26
Manalurpettai,1008.91,36
Manjeshwara,1009.0,56
State of Madhya Pradesh,1005.75,21
Lonar,1006.91,35
Lonavale,1010.0,55
Manchar,1009.71,25
Lohardaga,1006.19,26
Manpur,1006.75,21
Mandasa,1009.07,81
Mandleshwar,1006.75,21
Mamallapuram,1009.0,59
Limbdi,1006.75,12
Lawar Khas,1005.31,47
Lingsugur,1007.19,39
Mandal,1006.59,14
Leteri,1005.87,17
Mamit,1009.87,70
Leh,1012.79,90
Manavalakurichi,1009.0,63
Manali,1009.59,87
Lalpur,1008.79,16
Latur,1007.47,47
Lalsot,1007.0,13
Laungowal,1005.79,43
Lalitpur,1005.27,18
Latehar,1005.51,22
Lalganj,1004.91,46
Lalgudi,1008.0,35
Lar,1006.31,33
Lalgola,1008.35,95
Malkera,1006.91,71
Mallur,1008.35,52
Mallapuram,1008.31,32
Mangan,1010.55,80
Lalganj,1006.0,49
Makhu,1006.63,74
Lakshmeshwar,1008.59,28
Lathi,1007.83,12
Laksar,1006.31,68
Malpur,1006.51,17
Lakhyabad,995.0,61
Ladnun,1004.47,18
Lakhnadon,1005.67,17
Laharpur,1004.47,25
Lahar,1003.71,17
Mahur,1010.59,83
Lachhmangarh Sikar,1005.19,37
Malpura,1003.67,19
Malkapur,1010.59,41
Mailani,1004.71,31
Lakhimpur,1004.91,28
Kuzhithurai,1009.0,63
Lakheri,1005.63,29
Koothanallur,1009.79,42
Mahroni,1005.27,18
Kutiyana,1009.39,16
Malhargarh,1006.55,21
Mandawar,1005.19,40
Mahesāna,1008.0,12
Maindargi,1006.91,19
Kushtagi,1007.99,34
Kurinjippadi,1009.83,66
Ladwa,1006.31,51
Kurduvadi,1007.19,21
Kurandvad,1010.07,53
Kuppam,1008.47,32
Kunnamangalam,1009.0,59
Kundarkhi,1004.91,38
Kundgol,1010.03,82
Kunda,1004.91,46
Kunnamkulam,1009.0,59
Kunigal,914.0,24
Kumher,1004.47,39
Kumta,1010.19,69
Kumhari,1008.0,20
Kumbhraj,1005.63,17
Kumbakonam,1008.75,34
Kundla,1007.83,12
Mahmūdnagar,1006.0,28
Kulpahar,1004.63,32
State of Mahārāshtra,1012.0,15
Maharajganj,1005.63,32
Kulu,1008.75,70
Majholi,1010.0,12
Kulti,995.0,61
Kulittalai,1008.0,35
Kulgam,1010.35,87
Kukatpalli,1012.0,25
Mahrauli,1007.0,19
Mahūli,1005.39,35
Kudligi,1007.79,46
Mairang,1010.0,69
Kukshi,1007.03,23
Kuju,1005.75,22
Kudachi,1008.75,30
Maibong,1010.59,83
Majitha,1008.0,28
Kuchaman,1005.87,46
Kuchera,1004.95,17
Kuchaiburi,1006.59,53
Krishnarajpet,1008.31,28
Madugula,1009.47,54
Maharajganj,1006.0,28
Calicut,1009.0,59
Krishnanagar,1007.19,58
Krishnagiri,1008.27,32
Mahabaleshwar,1010.63,68
Kovvur,1008.39,28
Magam,1011.47,92
Kovur,1008.63,29
Kovilpatti,1009.47,45
Madanpur,1007.0,70
Kottayam,1008.0,59
Kottagudem,1007.87,30
Kotturu,1007.79,46
Mahaban,1003.87,22
Kotputli,1005.75,43
Kotma,1005.43,17
Kota,1007.23,52
Kotdwara,1007.07,72
Kotaparh,1008.67,68
Kotamangalam,1008.0,59
Kota,1006.31,35
Kotagiri,1011.0,20
Luhāru,1003.75,20
Kosi,1004.47,39
Kosigi,1006.83,21
Korwai,1005.75,21
Kosamba,1008.15,24
Korba,1005.59,24
Koregaon,1010.07,33
Koratla,1007.07,25
Koppal,1007.99,34
Koraput,1010.03,70
Kopargaon,1008.19,21
Lanja,1010.59,41
Loharu,1004.83,38
Lakshettipet,1007.19,28
Kopaganj,1005.47,35
Konnagar,1007.0,70
Madhogarh,1003.71,17
Konnur,1009.67,56
Kondapalle,1007.63,28
Konch,1004.35,31
Kondagaon,1007.59,23
Londa,1010.19,40
Kollegal,1008.11,26
Lodhikheda,1007.0,14
Konarka,1008.63,97
Kolar,1014.0,16
Machalpur,1006.15,17
Kolhapur,1010.07,53
Kolaras,1005.55,16
Colachel,1009.0,63
Kohima,1011.47,72
Kodungallur,1008.0,59
Kolasib,1010.07,59
Kokrajhar,1009.95,57
Lakhipur,1010.19,94
Madhogarh,1004.87,19
Lakhtar,1006.75,12
Lohaghat,1007.47,91
Koelwar,1006.0,49
Kodoli,1010.07,53
Kodinar,1009.59,22
Kodar,1007.39,26
Kodaikanal,1009.59,85
Madhoganj,1004.23,22
Lormi,1007.03,52
Koath,1005.55,36
Lasalgaon,1008.35,19
Kithor,1004.75,30
Lotwāra,1004.15,18
Lohogaon,1010.07,33
Lansdowne,1007.07,72
Lakhna,1003.71,17
Kizhake Chalakudi,1008.0,59
Koch Bihar,1009.31,54
Kishtwar,1010.91,72
Kodarma,1005.83,26
Kishanganj,1008.71,44
Kichha,1005.31,41
Kishangarh,1005.63,19
Kot Bhai,1005.15,46
Khutar,1004.71,31
Lakhipur,1009.95,82
Khurda,1007.83,49
Kushalnagar,1008.31,28
Khurja,1004.31,26
Kuttalam,1009.0,63
Kinwat,1006.27,20
Kurgunta,1007.95,29
Kushalgarh,1006.55,19
Khunti,1006.51,53
Khurai,1005.55,22
Kiraoli,1003.67,19
Khowai,1009.71,76
Kurara,1004.23,38
Kumaralingam,1011.0,20
Kiratpur,1005.31,47
Lala,1009.75,82
Kurud,1008.0,20
Kyelang,1008.95,91
Khilchipur,1005.87,17
Khirkian,1005.99,16
Kheralu,1006.79,21
Kumsi,1009.47,59
Khetri,1004.83,38
Kheri,1004.91,28
Kozhikode,1009.0,59
Khekra,1007.0,19
Kud,1007.87,49
Khed Brahma,1006.79,18
Kulattur,1009.47,45
Kheda,1008.0,12
Khopoli,1010.0,55
Khetia,1007.63,19
Kharkhauda,1007.0,19
Kodigenahalli,1014.0,16
Kharsia,1005.55,26
Kharupatia,1010.75,66
Kothapet,1006.75,27
Kovakulam,1010.55,100
Kotra,1004.35,31
Khargon,1006.79,18
Kunnattur,1008.47,32
Kotwa,1004.59,28
Kunwar,1004.31,24
Khardah,1007.0,70
Kovalam,1009.0,63
Kottaiyur,1008.75,38
Kharakvasla,1010.07,33
Kota,1005.47,26
Kharar,1006.87,39
Kharagpur,1006.75,52
Kot Khai,1008.83,71
Kot Isa Khan,1006.63,74
Kothi,1004.87,19
Kot Kapūra,1005.87,51
Khatauli,1005.31,47
Kondotti,1009.0,59
Kudal,1010.59,50
Koradih,1007.0,14
Kotar,1004.87,19
Kottapalli,1007.19,28
Konganapuram,1008.35,52
Kora,1003.91,18
Kotri,1005.07,12
Kharagpur,1007.31,61
Khapa,1007.0,14
Khanna,1006.55,72
Khanapur,1010.19,40
Khammam,1007.87,30
Khandwa,1006.35,16
Korampallam,1009.47,45
Koppa,1009.47,59
Koradachcheri,1008.75,34
Kondalwadi,1007.03,25
Koratagere,1014.0,16
Konanur,1008.31,28
Kochinda,1006.71,51
Khamgaon,1006.27,15
Khandela,1006.03,49
Khusropur,1006.0,49
Kolagallu,1007.47,29
Kiri Buru,1006.63,47
Khatima,1005.31,41
Khamaria,1010.0,12
Khalilabad,1005.51,30
Khambhaliya,1009.39,30
Khambhat,1007.47,43
Khadki,1010.07,33
Khategaon,1006.51,27
Khagaria,1007.27,40
Khairagarh,1005.87,23
Khatra,1005.99,40
Kombai,1009.75,60
Khairabad,1004.47,25
Khada,1006.91,38
Khachrod,1006.79,19
Khairagarh,1003.67,19
Kesinga,1006.91,31
Keshorai Patan,1006.03,29
Kishangarh,1005.19,40
Khajuraho,1004.59,14
Kodumudi,1008.15,31
Khair,1004.31,26
Kodala,1008.47,75
Kishanpur,1004.31,24
Keshod,1009.39,16
Kirakat,1006.0,25
Kodlipet,1009.95,55
Khagaul,1006.0,49
Kerur,1008.91,45
Kemri,1005.19,47
Kendraparha,1007.63,59
Kenda,1006.47,67
Khuldabad,1012.0,15
Kavali,1008.43,27
Kattivakkam,1009.0,59
Khurāsa,1005.27,39
Kawardha,1006.51,30
Kilvelur,1009.79,42
Khamharia,1008.0,20
Khonsa,1012.35,92
Kishni,1003.87,21
Katras,1006.91,71
Katihar,1007.99,49
Katoya,1007.19,58
Katpadi,1008.47,32
Katol,1007.0,14
Kayankulam,1010.55,100
Kiranur,1008.0,35
Katangi,1010.0,12
Kathor,1008.15,24
Kekri,1006.71,41
Kathua,1006.39,42
Khawhai,1010.47,61
Kayalpattinam,1010.03,55
Kasrawad,1006.75,21
Kashipur,1006.71,60
Kasganj,1004.03,23
Katghora,1005.51,20
Kheradi,1006.51,17
Katangi,1005.87,23
Kasaragod,1009.0,56
Khed,1010.07,33
Karwar,1010.11,64
Khem Karan,1008.0,26
Karur,1008.15,31
Kartarpur,1006.55,88
Karsiyang,1009.87,93
Khudaganj,1004.79,33
Khujner,1005.87,17
Khetwādi,1010.0,55
Karkal,1009.0,56
Karnal,1005.55,36
Karmala,1007.75,23
Karjat,1010.0,55
Khed,1010.91,61
Karimnagar,1007.19,28
Karanja,1006.03,16
Karimganj,1009.75,82
Karamsad,1008.0,12
Karamadai,1011.0,20
Kapren,1006.03,29
karaikal,1009.79,42
Karaikkudi,1008.75,38
Kareli,1005.71,17
Kapurthala,1008.0,28
Karad,1010.07,66
Kant,1004.59,27
Kanpur,1006.0,28
Karhal,1003.87,21
Kharhial,1006.83,25
Karauli,1004.51,28
Khargapur,1004.79,17
Karera,1005.31,20
Kanniyakumari,1010.55,100
Kannod,1006.51,27
Kannad,1012.0,15
Khaur,1008.0,36
Kantabanji,1006.83,25
Kharar,1006.75,52
Kharsawan,1005.87,37
Kannauj,1004.11,20
Kannangad,1010.27,82
Kanke,1006.07,26
Kankauli,1010.59,50
Kanigiri,1008.07,26
Kandukur,1008.43,27
Kanker,1006.59,21
Kharkhauda,1007.0,19
Kharela,1004.23,38
Kangayam,1011.0,20
Kandi,1007.91,95
Kharod,1005.75,27
Kanchipuram,1009.0,59
State of Kerala,1008.0,59
Kandla,1008.67,64
Kaverippattanam,1008.27,32
Kiranur,1008.15,33
Khāpri,1007.0,14
Kandhla,1005.43,35
Kamthi,1007.0,14
Kapadvanj,1008.0,12
Kanth,1004.91,38
Kamakhyanagar,1007.15,43
Kalyani,1007.0,70
Kamalganj,1004.11,20
Kalugumalai,1009.47,45
Kalol,1006.79,18
Kalyan,1010.0,55
Khanpur,1006.15,19
Kalpi,1003.87,18
Kalpetta,1009.0,59
Kalna,1007.0,70
Kamareddi,1007.07,25
Kalmeshwar,1007.0,14
Kaman,1004.47,39
Kallidaikurichchi,1009.0,63
Keonjhargarh,1007.03,41
Kamarhati,1007.0,70
Kampli,1007.23,33
Cumbum,1009.75,60
Khāndsa,1007.0,19
Khargupur,1005.59,41
Kallakkurichchi,1008.91,36
Kalka,1006.87,39
Kamalapuram,1007.15,22
Kaliyaganj,1008.39,56
Kalimpang,1009.87,93
Khamanon,1006.55,72
Kalghatgi,1010.03,82
Kalanwali,1005.15,46
Kelamangalam,1014.0,16
Kalamnuri,1006.91,40
Kalanaur,1004.51,19
Khaga,1004.31,24
Kalakkadu,1010.15,54
Kalamb,1009.71,25
Kelwa,1006.87,36
Kakrala,1004.75,38
Kakori,1006.0,28
Kakinada,1008.83,42
Kakching,1009.87,81
Kalavad,1008.79,16
Kaithal,1006.31,66
Khanpur,1004.75,30
Kathāra,1003.91,18
State of Karnātaka,1008.11,26
Kasauli,1008.51,93
Kayattar,1009.47,45
Kairana,1005.43,35
Kaimganj,1004.43,26
Kailaras,1004.11,19
Kaimori,1010.0,12
Kaikalur,1008.03,28
Katra,1007.87,49
Kailashahar,1009.47,84
Kati,1007.39,27
Kagal,1010.07,53
Kadur,1008.11,26
Kenduadih,1006.91,71
Kadi,1008.0,12
Kadod,1008.91,30
Kadiri,1006.95,21
Kachhwa,1006.0,25
Karchana,1004.99,30
Kalaikunda,1006.67,67
Kadayanallur,1009.75,49
Khallikot,1008.47,75
Khailar,1005.27,34
Kanchrapara,1007.0,70
Kankon,1010.55,100
Kabrai,1004.63,32
Junnar,1009.71,25
Junagarh,1008.87,81
Kawant,1007.71,21
Kankipadu,1008.91,38
Kānota,1007.0,13
Jalandhar,1006.55,88
Jumri Tilaiya,1006.0,35
Junagadh,1009.39,16
Kalundri,1010.0,55
Kāsan,1007.0,19
Kaparwāi,1005.63,32
Kampil,1004.43,26
Katra,1005.59,41
Jugsalai,1005.75,30
Jorhat,1011.35,74
Jolarpettai,1008.47,32
Jogbani,1008.39,50
Karārkhera,1005.31,20
Kavaratti,1010.75,100
Jodhpur,1004.55,16
Kattuputtur,1008.0,35
Jora,1003.87,18
Jodiya Bandar,1008.67,64
Jodhpur,1009.39,16
Kakarmatha,1006.0,25
Kanadukattan,1008.0,35
Katpur,1009.11,92
Kandri,1007.0,14
Jind,1005.43,42
Jintur,1006.91,35
Jhunjhunun,1004.83,38
Jhinjhana,1005.43,35
Jharsuguda,1006.07,44
Karimpur,1007.75,93
Jhusi,1004.99,30
Karrapur,1005.55,22
Kallupatti,1008.95,45
Jhargram,1006.67,67
Jharia,1006.91,71
Kariapatti,1008.95,45
Jhansi,1005.27,34
Jhinjhak,1003.87,18
Jhanjharpur,1008.11,49
Karumbakkam,1009.0,59
Jhalrapatan,1006.15,19
Jhalu,1005.31,47
Jhalida,1006.47,62
Jha Jha,1006.47,41
Kālkāji Devi,1007.0,19
Jhabua,1007.07,19
Kargil,1012.91,93
Kalas,1007.67,24
Jevargi,1007.11,32
Kamuthi,1009.19,44
Jhalawar,1006.15,19
Kaptanganj,1006.91,38
Jhajjar,1007.0,19
Jewar,1007.0,19
Kalavai,1008.71,33
Kalinagar,1005.31,41
Jetpur,1008.59,13
Jaynagar,1008.11,49
Kalikapur,1005.75,30
Jaypur,1010.03,70
Jaynagar-Majilpur,1007.0,70
Kanor,1006.75,21
Jayamkondacholapuram,1008.79,37
Kalina Khas,1005.11,44
Kandra,1005.87,37
Jatani,1007.83,49
Kanodar,1006.79,21
Jawad,1006.63,24
Jaunpur,1006.0,25
Karari,1004.59,28
Kalanaur,1008.0,28
Kaithan Khera,1006.0,28
Jaspur,1005.75,62
Jasidih,1006.47,41
Jashpurnagar,1006.43,47
Jasdan,1007.59,11
Jarwal,1004.71,25
Jaswantnagar,1003.71,19
Jaora,1006.79,19
Jangipur,1008.35,95
Kamalpur,1009.71,76
Jatara,1004.91,26
Kantilo,1008.03,62
Jangaon,1007.75,32
Jandiala,1006.55,88
Jamuria,995.0,61
Jamkhandi,1008.75,30
Karambakkudi,1008.0,35
Jansath,1005.31,47
Jammalamadugu,1007.15,23
Jambusar,1007.47,43
Kākora,1004.43,26
Jamalpur,1006.75,52
Jamshedpur,1005.75,30
Kaladhungi,1006.71,60
Jamai,1006.23,15
Jalpaiguri,1008.99,54
Kangra,1007.75,54
Jamui,1006.75,52
Kāla,1010.07,66
Jamadoba,1006.91,71
Jalor,1005.63,14
Jamtara,995.0,61
Jalna,1012.0,15
Jalgaon,1006.19,28
Kalagarh,1005.75,62
Jammu,1009.0,36
Jamnagar,1008.79,16
Kaintaragarh,1007.19,51
Jalgaon,1006.75,18
Jaleshwar,1006.71,62
Jalaun,1003.71,17
Jalesar,1004.03,23
Kachhauna,1004.23,22
Jalalabad,1004.59,27
Jaykaynagar,995.0,61
Jalalpur,1008.91,30
Jajpur,1006.71,51
Jaito,1005.87,51
Jaitaran,1005.23,22
Jaisalmer,1004.87,16
Kadaura,1004.23,38
Jaisingpur,1010.07,53
Jalalabad,1005.43,35
Jaipur,1007.0,13
Jalali,1003.87,22
Jutogh,1008.83,71
Kadambur,1009.47,45
Jais,1004.91,38
Jahangirabad,1004.31,26
Jaggayyapeta,1007.39,26
Jalalabad,1006.47,62
Jalalpur,1005.39,35
Joshimath,1009.03,98
Jahazpur,1006.71,41
Jagdalpur,1008.67,68
Jagdispur,1006.0,49
Jahanabad,1006.0,49
Kadipur,1005.31,40
Julana Shadipur,1005.43,42
Jagtial,1007.19,28
Jabalpur,1010.0,12
Jagatsinghapur,1007.63,59
Jagalur,1008.15,36
Jua,1010.59,84
Jonāpura,1003.87,18
Jiran,1006.63,24
Jobner,1007.0,13
Itanagar,1011.43,79
Itimadpur,1003.67,19
Jagadhri,1006.19,48
Irugur,1011.0,20
Indri,1006.31,51
Ingraj Bazar,1008.47,81
Jawaharnagar,1007.0,19
Islamnagar,1004.43,30
Irinjalakuda,1008.0,59
Itarsi,1006.15,22
Jharol,1006.75,16
Islampur,1006.0,49
Islampur,1008.71,44
Indi,1006.91,19
Indore,1006.91,18
Indapur,1010.75,49
Indergarh,1004.11,20
Jubbal,1008.83,71
Jejuri,1009.63,42
Idappadi,1008.35,52
Igatpuri,1009.47,21
Huvinabadgalli,1007.79,46
Ichchapuram,1008.51,73
Husainabad,1005.43,28
Jalgaon,1010.91,61
Ichalkaranji,1010.07,53
Hyderabad,1012.0,25
Ilkal,1007.95,36
Hunsur,1008.31,28
Jogighopa,1010.51,83
Hukeri,1010.31,64
Jawhar,1009.79,23
Hubli,1010.31,75
Imphal,1009.87,81
Hungund,1007.95,36
Hugli,1007.0,70
Hosur,1014.0,16
Hoshangabad,1006.15,22
Hospet,1007.79,46
Hoshiarpur,1006.87,58
Howli,1010.43,81
Hosdurga,1008.11,26
Hoskote,1014.0,16
Honnali,1008.83,46
Honavar,1010.19,69
Jagraon,1005.87,35
Holalkere,1008.11,26
Hole Narsipur,1008.31,28
Homnabad,1007.39,24
Hirekerur,1008.83,46
Jakhal,1005.79,43
Hyderābād,1012.0,22
Hirakud,1006.07,44
Hodal,979.0,3
Jetpur,1007.71,21
State of Jammu and Kashmīr,1010.55,88
Jatwāra,1007.0,13
Hisar,1005.07,49
Jogindarnagar,1008.47,87
Hinjilikatu,1008.51,73
Hinganghat,1007.0,14
Jawar,1006.55,18
Hingoli,1006.91,40
Hisua,1006.0,35
Hindoria,1004.95,22
Himatnagar,1008.0,12
Jaipur,1007.0,13
Jaisinghnagar,1005.31,47
Hindupur,1007.47,23
Jahanabad,1005.31,41
Jamālpur,1004.51,19
Hindaun,1004.15,18
Hilsa,1006.0,49
Jaso,1004.71,14
Jaithari,1005.75,21
Hojai,1011.15,93
Hiriyur,1007.55,24
Jetalsar,1008.59,13
Hazaribag,1005.75,22
Haveri,1008.59,28
Jaipur,1006.47,67
Hatta,1004.95,22
Hathras,1003.87,22
Hassan,1008.23,24
Jasrana,1003.71,19
Hastinapur,1005.31,47
Harur,1008.55,31
Jahangirpur,979.0,3
Harpalpur,1004.91,26
Harpanahalli,1007.79,46
Itaunja,1006.0,28
Harij,1006.55,23
Jagannathpur,1006.59,41
Haridwar,1006.31,68
Harsud,1005.99,16
Jawala Mukhi,1006.87,58
Hardoi,1004.59,26
Jobat,1007.51,20
Jait,1004.47,39
Haora,1007.0,70
Harihar,1008.83,46
Hasimara,1010.19,100
Harda,1006.03,16
Hasanpur,1004.75,30
Hanumangarh,1004.91,29
Jandiala Guru,1008.0,26
Halol,1006.79,18
Hapur,1007.0,19
Hansi,1005.43,42
Handia,1006.0,25
Hamirpur,1008.47,87
Hamirpur,1004.19,25
Halisahar,1007.0,70
Haldwani,1007.47,91
Iglas,1003.87,22
Jainpur,1005.63,32
Haldaur,1005.31,47
Jalakandapuram,1008.31,32
Hajo,1010.0,69
Haflong,1010.59,83
Iluppur,1008.0,35
Hailakandi,1009.75,82
Ikauna,1005.59,41
Hajipur,1006.0,49
Jahāngīrābād,1004.59,28
Habra,1007.0,70
Idukki,1010.47,76
Guruvayur,1009.0,59
Guskhara,995.0,61
Iklehra,1006.71,33
Hadgaon,1006.91,40
Gwalior,1003.87,18
Gursarai,1004.35,31
Guru Har Sahai,1006.47,62
Haliyal,1010.31,75
Halvad,1007.47,9
Hangal,1010.03,82
Ichhawar,1006.51,27
Gursahaiganj,1004.11,20
Gurmatkal,1007.79,44
Itwa,1006.71,40
Gurgaon,1007.0,19
Indraprast,1007.0,19
Guntakal,1006.91,19
Guntur,1008.35,28
Gunupur,1008.95,46
Gunnaur,1004.43,30
Gummidipundi,1009.0,59
Jagnair,1003.75,20
Gulaothi,1007.0,19
Republic of India,1006.91,35
Gulbarga,1007.47,39
Gundlupet,1008.03,27
Isagarh,1005.91,38
Gulabpura,1006.51,37
Ilampillai,1008.35,52
Hosangadi,1010.11,73
Guduvancheri,1009.0,59
Gudiyatham,1008.47,39
Guna,1005.87,17
Guledagudda,1008.91,45
Gumia,1006.59,64
Hosanagara,1010.11,73
Gudur,1008.63,29
Gumla,1006.87,70
Goyerkata,1010.07,90
Gurpur,1009.0,56
Gudivada,1008.91,38
Govardhan,1004.47,39
Gubbi,1007.71,26
Gudalur,1009.75,60
Heggadadevankote,1008.75,33
Hosakote,1007.11,20
Gorakhpur,1006.03,30
Gorakhpur,1005.07,49
Hesla,1006.59,64
Gobichettipalayam,1011.0,20
Hirapur,1005.87,23
Gopalganj,1006.91,42
Gondal,1008.19,13
Golaghat,1011.59,80
Gola Gokarannath,1004.71,31
Harrai,1005.71,17
Hasanpur,979.0,3
Gokarna,1010.19,69
Hempur,1004.59,26
Hata,1006.91,38
Gokak,1009.67,56
Gomoh,1006.91,71
Gondia,1005.83,23
Hampi,1007.99,34
Herbertpur,1007.87,67
Gonda,1005.27,39
Haringhata,1007.0,70
Gohana,1005.55,36
Godhra,1007.03,18
Gohad,1003.67,17
Hiranagar,1006.03,37
Godda,1007.67,60
State of Haryāna,1004.51,19
Gyanpur,1006.0,25
Goalpara,1010.51,83
Harnai,1010.91,61
Hansot,1008.39,65
Haraiya,1005.27,39
Gingee,1008.91,36
State of Himāchal Pradesh,1008.27,56
Giridih,1006.91,71
Hatiā,1006.07,26
Gobardanga,1007.0,70
Giddarbaha,1005.31,35
Hatod,1006.91,18
Gobindpur,1005.87,37
Haldibari,1008.99,54
Gurh,1004.59,18
Hajan,1011.47,92
Ghoti Budrukh,1009.47,21
Guhagar,1011.03,78
Ghatsila,1005.75,30
Ghaziabad,1007.0,19
Ghosi,1005.63,32
Ghatanji,1005.55,21
Ghazipur,1005.47,35
Hajipur,1005.59,33
Gurgaon,1007.0,19
Halena,1003.75,20
Ghatal,1006.75,52
Ghatampur,1003.91,18
Giddalur,1007.59,24
Ghugus,1006.15,23
Gunjrauliya,1006.91,42
Hariana,1005.59,33
Guirim,1010.59,84
Gugal Kota,1005.11,44
Gharaunda,1005.55,36
Gaya,1006.0,35
Gauripur,1010.19,94
Gudur,1012.0,25
Gauribidanur,1014.0,16
Garwa,1005.19,24
Harduaganj,1004.31,26
Gudari,1008.95,46
Guwahati,1010.0,69
Garui,1007.0,70
Gua,1006.63,47
Gariadhar,1007.83,12
Garhshankar,1007.15,94
Gevrai,1006.91,16
State of Gujarāt,1008.0,12
Gannavaram,1008.03,28
Gudibanda,1014.0,16
Gokul,1003.87,22
Garhakota,1005.15,20
Govindgarh,1004.87,19
Gangolli,1010.27,99
Gangoh,1006.19,48
Gangtok,1010.55,80
Gangapur,1004.51,28
Garhmuktesar,1004.75,30
Govindgarh,1005.19,40
Gosainganj,1005.31,40
Gangawati,1007.23,33
Gangarampur,1008.75,97
Gangapur,1012.0,15
Gangakher,1006.51,18
Ganganagar,1005.95,35
Gangapur,1007.59,56
Goshainganj,1006.0,28
Gandhinagar,1008.0,12
Gandevi,1008.91,30
Govindgarh,1005.27,13
Goregaon,1010.91,61
Gorur,1008.31,28
Gandarbal,1012.15,87
Gajraula,1004.75,30
Gajendragarh,1007.99,34
Gadhinglaj,1010.31,64
Gadag,1008.91,45
Gadarwara,1005.87,17
Gadhada,1007.59,11
Gadwal,1007.19,24
Firozpur Jhirka,1005.19,40
Fort Gloster,1007.0,70
Forbesganj,1008.39,50
Firozpur,1008.0,28
Firozabad,1003.71,19
Goshaingaon,1009.95,57
Ferokh,1009.0,59
Fazilka,1006.47,40
Gopamau,1004.59,26
Gopalur,1008.35,35
Fatehganj West,1004.75,38
Golhaura,1006.71,40
Fatehgarh Churian,1008.0,28
Fatehpur Sikri,1003.75,20
Fatehabad,1003.71,19
Farrukhabad,1004.59,27
Gohand,1004.23,38
Fatehabad,1005.07,49
Faridpur,1004.79,33
Farrukhnagar,1012.0,22
Gopalpur,1008.63,96
Gohpur,1011.43,79
Faridkot,1005.87,51
Fatehpur,1006.0,28
Golakganj,1009.95,57
Gola Bazar,1005.63,32
Fatehpur,1004.15,18
Gooty,1006.91,19
Faizpur,1006.75,18
Gangaikondan,1009.47,45
Gogapur,1006.71,18
Faizabad,1005.27,39
Girgaum,1010.0,55
Falakata,1009.31,54
Etawah,1003.87,21
Goa Velha,1010.59,84
Fatwa,1006.0,49
Erraguntla,1007.15,22
Erode,1008.35,52
Erattupetta,1008.0,59
Gopinathpur,1005.87,37
Ghūra,1004.59,14
Farakka,1008.43,79
Faridabad,1007.0,19
Gobindpur,1006.91,71
Gogola,1009.59,22
Fatehpur,1004.31,24
Erandol,1006.75,18
Ghorawal,1005.15,22
Emmiganuru,1006.83,21
Elamanchili,1008.95,62
Gariaband,1008.0,20
Union Territory of Damān and Diu,1009.75,90
Egra,1007.31,61
Ghiror,1003.71,19
Dwarka,1009.71,76
Durg,1008.0,20
Durgapur,1006.15,23
Durgapur,995.0,61
Dungarpur,1006.43,19
Dumra,1007.55,42
Ghogha,1007.79,25
State of Goa,1010.59,84
Dundwaraganj,1004.43,26
Dumraon,1005.71,34
Dumka,1007.31,59
Duliagaon,1011.99,83
Gauripur,1007.0,70
Gautampura,1006.91,18
Dubrajpur,995.0,61
Dugda,1006.91,71
Dam Dam,1007.0,70
Dongargarh,1005.87,22
Ghansor,1010.0,12
Dornakal,1007.87,30
Ghusuri,1007.0,70
Ghoghāpur,1004.59,28
Doraha,1006.55,72
Elur,1008.0,59
Ghumarwin,1008.51,93
Garautha,1004.35,31
Eluru,1008.03,28
Dum Duma,1011.99,83
Dombivli,1010.0,55
Ellenabad,1004.91,29
Dondaicha,1007.63,19
Disa,1006.55,23
Dinhata,1009.31,54
Gawan,1004.43,30
Gharghoda,1005.55,26
Doda,1008.87,42
Diphu,1011.15,84
Dimapur,1011.15,84
Dindori,1006.67,31
Dindigul,1008.83,46
Dinanagar,1006.39,42
Dighwara,1006.0,49
Diglur,1007.31,35
Digras,1005.75,17
Gaurela,1005.91,20
Gidam,1008.23,26
Diu,1009.59,22
Dod Ballapur,1014.0,16
Digboi,1011.99,83
Garhdiwala,1005.59,33
Dicholi,1010.59,84
Dig,1004.47,39
Galiakot,1006.39,17
Dibai,1004.31,26
Didwana,1004.47,18
Dhuri,1005.87,35
Diamond Harbour,1007.0,70
Ganj Muradabad,1004.23,22
Dibrugarh,1011.91,75
Gandai,1005.87,23
Dhupgari,1008.99,54
Dhulian,1008.35,95
Gangavalli,1008.51,33
Ganjam,1008.63,96
Georgetown,1004.59,28
Dhuburi,1010.19,94
Dhrol,1008.67,64
Dhule,1007.19,21
Gandhi Nagar,1009.0,59
Dhoraji,1009.39,16
Dhrangadhra,1007.47,9
Dhatkidih,1005.75,30
Dhone,1006.99,22
Dholka,1008.0,12
Gāndhīdhām,1008.67,64
Dhing,1010.75,66
Dharuhera,1007.0,19
Dharur,1007.31,21
Dharmsala,1007.75,54
Dharmavaram,1006.95,21
Dharmanagar,1009.75,82
Dharmabad,1006.75,36
Dhekiajuli,1011.31,73
Dharmapuri,1008.31,32
Garhi Pukhta,1005.43,35
Dhariwal,1008.0,28
Dharmadam,1010.15,62
Dharapuram,1011.0,20
Dhari,1008.59,13
Dhar,1007.07,19
Dhanera,1006.23,21
Dharangaon,1007.19,21
Dharampur,1009.55,22
Dhandhuka,1007.11,21
Dhampur,1005.75,62
Dhaurahra,1004.91,28
Dhanbad,1006.91,71
Ettaiyapuram,1009.47,45
Dhaulpur,1003.67,19
Gagret,1006.87,58
Dhamtari,1008.0,20
Fedūsar,1004.55,16
Fatehpur Chaurasi,1006.0,28
Faridnagar,1007.0,19
Ghanaur,1006.87,39
Dhilwan,1008.0,28
Farrukhnagar,1007.0,19
Dispur,1010.0,69
Ernākulam,1008.0,59
Fatehgarh,1004.59,27
Etah,1004.03,23
Dusi,1009.0,59
Dohrighat,1005.63,32
Dwarahat,1007.79,79
Dhanaula,1005.79,43
Dhamnod,1006.75,21
Dhaka,1007.23,49
Devli,1006.31,36
Devarkonda,1008.07,40
Devgadh Bariya,1007.03,18
Devgarh,1005.27,12
Deulgaon Raja,1012.0,15
Devakottai,1008.75,38
Dhenkanal,1007.83,49
Dungarpur,1009.11,92
Deori Khas,1005.51,26
Depalpur,1006.91,18
Dewas,1006.55,18
Deshnoke,1005.47,22
Eraniel,1009.0,63
Dudhani,1006.91,19
Dores,1009.59,22
Dhaneli,1008.0,20
Dostpur,1005.31,40
Digapahandi,1008.51,73
Elayirampannai,1009.47,45
Farah,1003.87,22
Dhanaura,1004.75,30
Deoria,1006.31,33
Devanhalli,1014.0,16
Eral,1010.03,55
Domariāganj,1005.51,30
Duggirāla,1008.35,28
Deogarh,1006.71,51
Deoranian,1005.19,47
Deolali,1009.47,21
Deoband,1006.19,48
Deoli,1005.55,21
Digha,1007.67,77
Dubbī,1004.15,18
Doiwala,1006.31,68
Delhi,1007.0,19
Dogadda,1007.07,72
Dehra Dun,1007.87,67
Daund,1009.31,47
Dausa,1007.0,13
Denkanikota,912.0,30
Dhuwaran,1007.47,43
Elumalai,1008.95,45
Dehri,1005.43,28
Dongargaon,1005.87,22
Dirba,1006.31,66
Dudhi,1005.11,21
Diju,1011.35,74
Daudnagar,1006.0,35
Dasua,1005.59,33
Dataganj,1004.75,38
Dasna,1007.0,19
Dattapur,1006.31,29
Erumaippatti,1008.0,35
Dhārwād,1010.31,75
Daryapur,1006.59,39
Darwha,1005.75,17
Dhola,1007.79,25
Datia,1004.43,20
Darbhanga,1007.55,42
Darjiling,1009.87,93
Dhanwar,1005.83,26
Dandeli,1010.11,64
Damoh,1005.15,20
Dharchula,1008.75,96
Damnagar,1007.83,12
Danapur,1006.0,49
Dhana,1005.55,22
Dharampuri,1006.75,21
Daltenganj,1005.19,24
Daman,1009.75,90
Dalsingh Sarai,1006.83,40
Dalkola,1007.99,49
Dahod,1007.07,19
Dakor,1008.0,12
Dabra,1004.43,20
Dabwali,1005.15,46
Daboh,1004.43,20
Dahegam,1008.0,12
Dabhoi,1007.55,21
Dhali,1011.0,20
Cuttack,1007.83,49
Cuncolim,1010.55,100
Curchorem,1010.55,100
Cumbum,1007.59,24
Cuddalore,1009.79,74
Coondapoor,1010.11,73
Devaprayag,1007.07,72
Desur,1008.71,33
Cuddapah,1007.15,22
Dhānd,1007.0,13
Devadanappatti,1009.59,85
Cochin,1008.0,59
Dahanu,1010.07,80
Coimbatore,1011.0,20
Colgong,1007.47,48
Churu,1004.15,18
Calangute,1010.59,84
Colonelganj,1004.71,25
Dadri,1007.0,19
Clement Town,1006.31,68
Churachandpur,1010.07,64
Dera Gopipur,1006.87,58
Dhemaji,1011.91,75
Chunar,1006.0,25
Chotila,1007.59,11
Dewa,1006.0,28
Chodavaram,1008.03,26
Chittaranjan,995.0,61
Chittur,1011.0,20
Chodavaram,1009.47,54
Chittaurgarh,1006.75,21
Dāvangere,1008.15,36
Chitapur,1007.47,39
Delhi Cantonment,1007.0,19
Daulatpur,1006.87,58
Deoghar,1007.67,60
Chitradurga,1008.15,36
National Capital Territory of Delhi,1007.0,19
Dayal Bagh,1003.67,19
Dehu,1010.07,33
Chopda,1007.19,21
Chidawa,1004.83,38
Desuri,1006.87,36
Davorlim,1010.55,100
Delvada,1009.59,22
Darlawn,1010.07,59
Debipur,1007.75,93
Daurala,1005.43,35
Dankaur,1007.0,19
Chipurupalle,1009.71,79
Deori,1005.75,27
Chintamani,1014.0,16
Chikhli,1006.75,15
Chirala,1008.91,76
Chinna Salem,1008.51,33
Chinnamanur,1009.75,60
Chiplun,1010.59,55
Chillupar,1005.63,32
Chincholi,1007.95,29
Chiknayakanhalli,1007.71,26
Dangrawari,1009.59,22
Chilakalurupet,1008.35,28
Dergaon,1011.35,74
Chikodi,1010.31,64
Chikmagalur,1009.79,51
Dariba,1007.59,56
Daryā Ganj,1007.0,19
Chidambaram,1009.83,66
Chik Ballapur,1014.0,16
Chicholi,1005.87,23
Dagshai,1006.87,39
Dalmau,1004.31,24
Dabhol,1011.03,78
Daulatpur,1006.87,58
Dera Nanak,1008.0,28
Chhota Udepur,1007.71,21
Chhindwara,1006.35,15
Dabhaura,1004.59,28
Chhibramau,1004.11,20
Daulatpur,1008.47,81
Chhoti Sadri,1006.63,24
Chhatarpur,1004.63,32
Chunchura,1007.0,70
Chhata,1004.47,39
Chhatapur,1008.39,50
Chharra,1004.43,30
Union Territory of Dādra and Nagar Haveli,1009.55,22
Chhapar,1004.47,18
Chhaprauli,1005.43,35
Chhala,1008.0,12
Dalhousie,1007.75,54
Curti,1010.59,84
Chetput,1009.0,59
Chhabra,1005.63,17
Chengam,1008.47,32
Dahmi,1007.0,13
Chennimalai,1011.0,20
Chettipalaiyam,1011.0,20
Daitari,1007.15,43
Chengalpattu,1009.0,59
Chengannur,1010.47,76
Chavakkad,1008.0,59
Chatrapur,1008.63,96
Chaksu,1007.0,13
Connaught Place,1007.0,19
Chapar,1010.51,83
Chatra,1006.0,35
Charkhi Dadri,1004.51,19
Charkhari,1004.63,32
Charthawal,1005.43,35
Channarayapatna,1008.23,24
Chuari Khas,1007.75,54
Cortalim,1010.59,84
Changanacheri,1010.47,76
Colovale,1010.59,84
Chas,1006.47,67
Vikasnagar,1007.87,67
Collectorganj,1006.0,28
Channagiri,1008.11,26
Channapatna,914.0,24
Chorhat,1004.59,18
Chandpur,1005.31,47
Colva,1010.55,100
Chikhli,1008.91,30
Chandur,1006.15,23
Chittoor,1008.47,32
Chandur,1006.31,29
Chandrapur,1006.15,23
Chandigarh,1006.87,39
Chopan,1005.15,22
Chandrakona,1006.75,52
Chinchani,1010.07,80
Chitrakonda,1008.87,33
Chandannagar,1007.0,70
Chanasma,1006.55,23
Chinchvad,1010.07,33
Chanderi,1005.91,38
Chandausi,1004.43,30
Chandauli,1006.0,25
Chiliā,1006.71,40
Champa,1005.59,24
Chikitigarh,1008.51,73
Chinchpokli,1010.0,55
Chandur Bazar,1006.31,29
Challapalle,1008.91,38
Chamrajnagar,1008.03,27
Challakere,1007.47,25
Chamba,1007.75,54
Chandvad,1008.35,19
Chakradharpur,1005.87,37
Chalala,1007.83,12
Chirgaon,1004.43,20
Chiria,1006.63,47
Chalisgaon,1007.55,20
Chhuikhadan,1005.87,23
Chaklasi,1008.0,12
Chakan,1010.07,33
Chakia,1007.23,49
Canning,1007.0,70
Cholapuram,1009.75,60
Chaibasa,1005.87,37
Byadgi,1008.83,46
Chinchinim,1010.55,100
Chikalthān,1012.0,15
Chhapra,1006.0,49
Chicalim,1010.59,84
Buxar,1005.71,34
Burhanpur,1006.35,16
Burla,1006.07,44
Cannanore,1010.15,62
Bundu,1006.47,62
Bulandshahr,1004.31,26
Burhar,1005.47,17
Buldana,1006.75,15
Budaun,1004.75,38
Bundi,1007.23,52
Budhlada,1005.79,43
Chichli,1005.87,17
Chhachhrauli,1006.19,48
Budhana,1005.43,35
Chicolna,1010.59,84
Brahmapur,1008.51,73
Brajarajnagar,1006.07,44
Chaupal,1008.83,71
Kolkata,1007.0,70
Botad,1007.59,11
Borsad,1007.55,21
Borivli,1010.0,55
Chaukhandi,1004.59,28
Bongaigaon,1010.51,83
Cheyyur,1009.47,37
Bolpur,995.0,61
Chelakara,1008.0,59
Bokaro,1006.59,64
Mumbai,1010.0,55
Chatakonda,1007.87,30
Cherrapunji,1010.11,88
Biswan,1004.47,25
Chechat,1007.03,63
Bodinayakkanur,1009.59,85
Bobbili,1009.71,79
Bokajan,1011.15,84
Boisar,1010.07,80
Charbagh,1006.0,28
Bissau,1004.15,18
Bishnupur,995.0,61
Bodhan,1007.03,25
Chandla,1004.91,42
Bodh Gaya,1006.0,35
Chandil,1005.87,37
Bisalpur,1004.79,33
Birpur,1008.39,50
Chāprā,1007.63,74
Bisauli,1004.75,38
Birur,1008.11,26
Birmitrapur,1006.23,43
Binika,1006.63,47
Etawa,1005.75,21
Chandwaji,1007.0,13
Bilsanda,1004.79,33
Bilgi,1008.91,45
Bilhaur,1004.11,20
Bilgram,1004.11,20
Union Territory of Chandīgarh,1006.87,39
Bilsi,1004.75,38
Belthara,1006.31,33
Bindki,1004.19,25
Bilaspur,1005.19,47
Bilaspur,1006.31,35
Bilasipara,1009.95,57
Bilari,1004.91,38
Bilara,1005.23,22
Bikaner,1005.59,24
Bikramganj,1005.55,36
Bijnor,1005.31,47
Bijbiara,1010.35,87
Bijawar,1004.59,14
Champua,1006.59,41
Bijapur,1007.95,49
Chandia,1005.43,18
Chakulia,1006.67,67
Bihar Sharif,1006.0,49
Bihariganj,1007.67,49
Bidar,1007.39,24
Bidhuna,1004.11,20
Bhuvanagiri,1009.83,66
Bhudgaon,1010.07,53
Biaora,1005.87,17
Bhusawal,1006.75,18
Chakrata,1007.87,67
Bhuj,1007.87,17
Bhum,1007.31,22
Bhubaneshwar,1007.83,49
Bilariaganj,1005.63,32
Bhor,1010.63,68
Chakia,1006.0,25
Bhopal,1006.31,16
Carapur,1010.59,84
Bhongir,1012.0,25
Cavelossim,1010.55,100
Bhogpur,1005.59,33
Bhongaon,1003.87,21
Chandbali,1007.11,80
Champawat,1007.47,91
Bhinmal,1005.39,15
Bolanikhodan,1006.63,47
Bhiwani,1004.51,19
Bhitarwar,1004.31,13
Bhimunipatnam,1009.23,48
Bishnupur,1007.0,70
Bhiwandi,1010.0,55
Bhind,1003.67,17
Bhilwara,1007.59,56
Bhindar,1006.75,21
Buriya,1006.19,48
Bhinga,1005.59,41
Bhimavaram,1008.39,28
Bhilai,1008.0,20
Candolim,1010.59,84
Chail,1004.59,28
Bhikhi,1005.79,43
Chabua,1011.99,83
Bhikangaon,1006.35,16
Bhawanipatna,1008.83,51
Champahati,1007.0,70
Bhawaniganj,1007.03,63
Buguda,1008.47,64
Bomdila,1011.31,73
Bhayavadar,1009.39,16
Bhawanigarh,1006.31,66
Bhundsi,1007.0,19
Bodri,1005.47,17
Birbhaddar,1006.31,68
Bhavani,1008.07,27
Bilaspur,1008.03,92
Bhavnagar,1007.79,25
Bhattiprolu,1008.91,38
Bhatkal,1010.27,99
Bhatinda,1005.15,46
Bisenda Buzurg,1004.91,42
Bokakhat,1011.19,74
Bishnah,1008.0,36
Bilkha,1008.59,13
Bhatapara,1008.0,20
Bhanjanagar,1008.47,64
Bharthana,1003.87,21
Bhatpara,1007.0,70
Bhander,1004.43,20
Bhanpuri,1005.87,22
Bhanvad,1009.39,30
Bharuch,1008.15,24
Bharatpur,1003.75,20
Biloli,1007.03,25
Birdpur,1007.67,77
Bilaspur,1007.0,19
Bhasawar,1004.15,18
Bhanpura,1007.03,63
Bilaspur,1008.51,93
Bijnaur,1006.0,28
Bhandara,1007.0,14
Bijni,1010.51,83
Bharwari,1004.91,46
Bijroni,1005.55,16
Bhadrakh,1006.71,51
Bithur,1006.0,28
State of Bihār,1006.0,49
Bhagalpur,1007.47,48
Bikapur,1005.31,40
Bhadreswar,1007.0,70
Bhadrachalam,1007.87,27
Bihpuriagaon,1011.35,74
Bhaisa,1006.75,36
Bhadravati,1009.47,59
Bhadra,1004.59,34
Bhalki,1007.39,24
Bhadasar,1004.31,14
Bhainsdehi,1006.47,16
Bighapur,1006.0,28
Bhabua,1005.51,37
Bhadaur,1005.87,35
Bhadohi,1006.0,25
Bhachau,1007.23,16
Bhatgaon,1008.0,20
Betul,1006.03,19
Beypore,1009.0,59
Berasia,1006.31,16
Beri Khas,1007.0,19
Betamcherla,1006.99,22
Bewar,1003.87,21
Beohari,1005.31,47
Bettiah,1007.47,40
Bemetara,1008.0,20
Belur,1009.79,51
Belonia,1009.75,85
Belsand,1007.23,49
Bellary,1007.47,29
Belgaum,1010.19,40
Bhojudih,1006.47,67
Bhim Tal,1007.47,91
Behror,1005.75,43
Beldanga,1007.91,95
Bedi,1008.67,64
Begusarai,1006.75,52
Bela,1005.31,48
Begamganj,1005.75,21
Behat,1006.19,48
Bazpur,1006.71,60
Bayana,1003.75,20
Begun,1007.15,31
Beawar,1005.27,13
Bauda,1007.19,51
Basti,1005.51,30
Basi,1006.87,39
Bawana,1007.0,19
Baswa,1004.15,18
Bholath,1008.0,28
Batala,1008.0,28
Basni,1004.95,17
Basudebpur,1007.11,80
Basmat,1006.59,19
Basi,1007.0,13
Basoda,1005.75,21
Barwani,1007.03,23
Bhandarej,1007.0,13
Bhamora,1004.75,38
Basavana Bagevadi,1007.51,34
Basi,1006.55,72
Barwala,1005.43,42
Basavakalyan,1007.47,24
Baruni,1006.39,42
Bhagwantnagar,1006.0,28
Bhowali,1007.47,91
Barmer,1004.83,11
Barnala,1005.87,35
Barki Saria,1006.59,64
Bharkol,1003.67,19
Bhīta,1004.59,28
Bhigvan,1007.75,23
Barka Kana,1006.07,26
Baruipur,1007.0,70
Barpali,1006.19,29
Bari Sadri,1006.75,21
Bhandaria,1005.51,30
Barsi,1007.19,21
Barjala,1009.75,85
Benaulim,1010.55,100
Bari,1004.11,19
Bhabhra,1007.07,19
Bardoli,1008.91,30
Barddhaman,995.0,61
Baraut,1007.0,19
Betul Bazar,1006.19,17
Barpeta,1010.0,69
Bargi,1010.0,12
Barauli,1006.91,42
Barhiya,1006.39,42
Bar Bigha,1006.39,42
Bareilly,1004.75,38
Bhābhru,1005.75,43
Baran,1005.31,19
Beswan,1003.87,22
Bargarh,1005.75,33
Barasat,1007.0,70
Belanganj,1003.67,19
Baramula,1011.47,92
Baramati,1009.63,42
Baranagar,1007.0,70
Barakpur,1007.0,70
Banswara,1006.55,19
Bantva,1009.39,16
Bapatla,1008.35,28
Barh,1006.0,49
Bansi,1005.51,30
Banswada,1007.03,25
Beniganj,1004.23,22
Belluru,1007.71,26
Bansdih,1005.71,34
Bantval,1009.0,56
Beliator,995.0,61
Banmankhi,1007.67,49
Beltangadi,1010.11,73
Belha,1006.31,35
Bansbaria,1007.0,70
Bankura,995.0,61
Banki,1007.83,49
Banka,1007.67,60
Bannur,1007.75,25
Banur,1006.87,39
Bangarapet,1014.0,16
Bangarmau,1006.0,28
Bandikui,1004.15,18
Behta Gokul,1004.59,27
Bandipura,1011.47,92
Belda,1007.31,61
Belur,1008.55,31
Banda,1005.15,20
Banda,1004.91,42
Banat,1005.43,35
Banganapalle,1006.99,22
Banapur,1008.47,75
Betma,1006.91,18
Bamor Kalan,1005.31,20
Belgharia,1007.0,70
Bawal,979.0,3
Bangaon,1007.0,70
Banga,1007.15,94
Bechiwāra,1006.43,19
Balurghat,1008.75,97
Barkhera,1004.79,33
Balod,1005.87,22
Balrampur,1005.59,41
Ballalpur,1006.15,23
Balasore,1006.71,62
Bali,1007.0,70
Bhadarwah,1008.87,42
Bali,1005.75,15
Basna,1006.19,28
Bangalore,1014.0,16
Baloda Bazar,1005.59,26
Basar,1012.03,76
Balapur,1006.27,15
Balarampur,1006.47,67
Begowal,1008.0,28
Barwadih,1005.19,24
Balangir,1006.19,29
Barwāra,1004.71,14
Balaghat,1005.83,23
Barkot,1007.87,67
Balugaon,1008.03,62
Basugaon,1010.51,83
Balotra,1004.63,11
Balachor,1007.15,94
Belaguntha,1008.47,64
Bakhtiyarpur,1006.0,49
Batoti,1008.87,42
Barjora,995.0,61
Bairagnia,1008.11,49
Bail Hongal,1010.31,75
Baj Baj,1007.0,70
Baindur,1010.27,99
Baihar,1006.31,33
Bariarpur,1006.75,52
patamda,1006.0,35
Bargarh,1004.59,28
Bāra,1004.59,28
Baidyabati,1007.0,70
Bahraich,1004.63,29
Baragaon,1006.0,25
Barela,1010.0,12
Baripāda,1006.67,67
Baheri,1005.31,41
Baghpat,1007.0,19
Bah,1003.71,19
Baghdogra,1009.87,93
Bahadurgarh,1007.0,19
Bansgaon,1005.63,32
Barpathar,1011.19,74
Bahadurganj,1008.47,42
Bagula,1007.63,74
Bagha Purana,1005.87,51
Bagepalli,1014.0,16
Bagar,1004.83,38
Bagasra,1008.59,13
Banposh,1006.23,43
Bahjoi,1004.43,30
Baharampur,1007.91,95
Badlapur,1010.0,55
Barhi,1004.91,26
Badnawar,1007.07,19
Badvel,1007.67,25
Baduria,1007.0,70
Barsana,1004.47,39
Bānskhoh,1007.0,13
Bara Bazar,1007.0,70
Baragaon,1005.27,34
Badagara,1009.0,59
Bada Barabil,1006.63,47
Bamnia,1007.07,19
Bagalkot,1008.91,45
Badami,1008.91,45
Bagaha,1006.91,38
Barghat,1006.39,35
Bachhraon,1004.75,30
Babra,1007.83,12
Babrala,1004.43,30
Babina,1005.27,34
Babai,1006.15,22
Banihal,1010.35,87
Baberu,1004.31,24
Bandora,1010.59,84
Banjar,1008.75,70
Azamgarh,1005.47,35
Ayakudi,1009.59,85
Bāgalūr,1014.0,16
Banavar,1008.23,24
Ayodhya,1005.27,39
Avanigadda,1008.91,38
Bamboo Flat,1010.15,98
Avinashi,1011.0,20
Aurad,1007.39,24
Aurangabad,1012.0,15
Baloda,1006.31,35
Attingal,1009.0,63
Auraiya,1003.87,18
Aurangabad,1006.0,35
Attur,1008.51,33
Atrauli,1004.31,26
Atmakur,1007.31,23
Athagarh,1007.83,49
Athni,1008.75,30
Bambolim,1010.59,84
Bamora,1005.75,21
Balhārshāh,1006.15,23
Adirampattinam,1009.43,62
Ausa,1007.47,24
Avadi,1009.0,59
Asind,1006.51,37
Bali Chak,1007.31,61
Atarra,1004.91,42
Balimela,1008.87,33
Baldeogarh,1004.79,17
Bakswaho,1005.15,20
Asifabad,1006.75,27
Ashoknagar,1005.91,38
Ashta,1006.51,27
Aruppukkottai,1008.95,45
Asandh,1005.55,36
Arvi,1006.31,29
Bakewar,1003.71,17
Bakreswar,995.0,61
Ballabgarh,1007.0,19
Bakloh,1007.75,54
Arumuganeri,1010.03,55
Baldeo,1003.87,22
Asansol,995.0,61
Arsikere,1008.23,24
Baikunthpur,1005.39,20
Aron,1005.87,17
Arukutti,1008.0,59
Ariyalur,1008.0,35
Arkalgud,1008.31,28
Bakani,1006.15,17
Arcot,1008.47,32
Bahsuma,1005.31,47
Arantangi,1009.43,62
Bakāpur,1007.0,19
Araria,1008.47,42
Arani,1008.71,33
Arangaon,1007.75,23
Bajna,1004.91,43
Asika,1008.47,64
Arang,1008.0,20
Bagh Bazar,1007.0,70
Badarwas,1005.55,16
Bagra,1006.91,71
Arambagh,1006.75,52
Arakkonam,1009.0,59
Aonla,1004.75,38
Baikanthpur,1004.59,18
Bagli,1006.55,18
Bagh,1007.03,23
Anupshahr,1004.31,26
Bahora,1007.0,19
Ara,1006.0,49
Badarīnāth,1008.39,78
Anupgarh,1005.03,22
Bahua,1004.19,25
Anuppur,1005.47,17
Annigeri,1008.91,45
Anshing,1006.91,40
Bageshwar,1008.23,90
Badhni Kalan,1005.87,51
Anta,1006.03,29
Awantipur,1012.15,87
Anjar,1007.23,16
Babugarh,1004.75,30
Annur,1011.0,20
Atraulia,1005.39,35
Ankleshwar,1008.15,24
Anjad,1007.03,23
Angamali,1008.0,59
Ateli,1005.11,44
Anjangaon,1006.59,39
Angul,1007.31,49
Attayyampatti,1008.35,52
Bachhrawan,1006.0,28
Andol,1012.0,25
Andippatti,1009.59,85
Anthiyur,1008.07,27
Anekal,1014.0,16
Aurangābād,1007.0,19
Ayyampettai,1008.0,35
Anantnag,1010.35,87
Amta,1007.0,70
Asegaon,1006.91,35
Anand,1008.0,12
Anakapalle,1008.95,62
Amudalavalasa,1009.15,49
Amroha,1004.91,38
Amritsar,1008.0,28
Amroli,1008.39,65
Anaimalai,1011.0,20
Ashti,1006.59,20
Amreli,1007.83,12
Badarpur,1010.35,83
Arumbavur,1008.0,35
Badarpur,1007.0,19
Amravati,1006.31,29
Amod,1007.55,21
Amlagora,1006.75,52
Auras,1006.0,28
Anantapur,1007.11,20
Amli,1009.55,22
Anandpur Sahib,1007.15,94
Amla,1006.03,19
Amet,1006.87,36
Asirgarh,1006.35,16
Ambikapur,1005.67,20
Ambala,1006.87,39
Ambajogai,1007.31,21
Ambasamudram,1009.0,63
Ambattur,1009.0,59
State of Assam,1011.15,93
Amarpur,1007.47,48
Arki,1008.51,93
Ambah,1003.67,19
Ashta,1010.07,53
Ambad,1012.0,15
Arnia,1008.0,36
Aravankadu,1011.0,20
Amalner,1007.19,21
Ambur,1008.47,32
Alwar,1005.19,40
Asarganj,1006.75,52
Alot,1006.47,22
Amalapuram,1008.83,42
Alnavar,1010.31,75
Almora,1007.47,91
Arambol,1010.59,84
Alleppey,1010.47,85
State of Arunāchal Pradesh,1011.47,60
Antu,1005.31,48
Along,1012.03,76
Ankola,1010.19,69
Annamalainagar,1009.83,66
Annavasal,1008.0,35
Allahabad,1004.59,28
Arimalam,1008.0,35
Amarpatan,1004.87,19
Alibag,1010.0,55
Alipur,1007.0,19
Amarnath,1010.0,55
Ammapettai,1008.35,52
Alangulam,1009.75,49
Alangayam,1008.47,32
Alandi,1010.07,33
Ammapettai,1008.0,35
Aland,1007.47,39
Alandur,1009.0,59
Aligarh,1003.87,22
Akola,1006.19,28
Aliganj,1004.43,26
Akot,1006.19,28
Union Territory of Andaman and Nicobar Islands,1010.23,100
Aklera,1005.63,17
Akalkot,1006.91,19
Antri,1004.31,13
Ajra,1010.31,64
Ajmer,1005.27,13
Ahmadpur,1007.47,47
Ajnala,1008.0,28
Akbarpur,1005.39,35
Ambasa,1009.71,76
Amethi,1004.91,28
Amguri,1011.75,83
Ahmadnagar,1007.43,17
Ahraura,1006.0,25
Amarwara,1006.35,15
Aizawl,1010.07,59
Amethi,1004.91,38
Amloh,1006.55,72
Ahmadabad,1008.0,12
State of Andhra Pradesh,1007.91,41
Akbarpur,1003.87,18
Agartala,1009.67,97
Akaltara,1006.31,35
Akividu,1008.39,28
Agar,1006.15,17
Adra,995.0,61
Adoni,1006.83,21
Afzalpur,1006.91,19
Afzalgarh,1005.75,62
Adur,1010.47,67
Amarpur,1010.31,93
Addanki,1008.07,26
Adilabad,1006.35,33
Anandnagar,1006.03,30
Ambagarh Chauki,1005.87,22
Abu Road,1006.59,18
Ambahta,1006.19,48
Achhnera,1003.67,19
Āmer,1007.0,13
Abhayapuri,1010.51,83
Allapalli,1006.95,28
Agra,1003.67,19
Amanpur,1004.03,23
Alwar Tirunagari,1010.03,55
Achalpur,1006.59,39
Allahganj,1004.59,27
Alawalpur,1006.55,88
Amanganj,1004.59,14
Abu,1006.59,18
Aluva,1008.0,59
Abohar,1005.31,35
Amarkantak,1006.75,25
Alappakkam,1009.83,66
Alur,1008.23,24
Alanganallur,1008.83,46
Alagapuram,1008.91,36
Alangudi,1008.0,35
Aldona,1010.59,84
Alipur,1009.23,48
Alampur,1004.43,20
Ajjampur,1008.11,26
Akalgarh,1005.79,43
Ajāpura,1004.83,18
Alampur,1006.99,22
Ahmadpur,995.0,61
Alīgarh,1007.67,77
Ajaigarh,1004.91,42
Aduthurai,1008.75,34
Ahwa,1008.75,24
Akhnur,1008.0,36
Akodia,1006.47,17
Agarpāra,1007.0,70
Aghāpur,1003.75,20
Ahiri,1006.95,28
Adyār,1009.0,59
Ahmadgarh,1004.31,26
Āgra,1003.67,19
Abiramam,1009.19,44
Adalaj,1008.0,12
Contai,1007.67,77
Haldia,1008.35,73
Srirampur,1007.0,70
Pedana,1008.91,38
Dumjor,1007.0,70
Mahiari,1007.0,70
Bankra,1007.0,70
Chakapara,1007.0,70
Dhulagari,1007.0,70
Panchla,1007.0,70
Nangi,1007.0,70
Pujali,1007.0,70
Monoharpur,1008.35,73
Nabagram,1007.0,70
Harindanga,1007.0,70
Begampur,1007.0,70
Bagnan,1007.0,70
Kesabpur,1007.0,70
Haripur,1007.0,70
Krishnapur,1007.0,70
Sankarpur,1007.0,70
Bhandardaha,1007.0,70
Masila,1007.0,70
Parbatipur,1007.0,70
Ramchandrapur,1007.0,70
Balarampur,1007.0,70
Solap,1007.0,70
Ramnagar,1007.0,70
Amtala,1007.0,70
Jafarpur,1007.0,70
Gobindapur,1007.0,70
Soyibug,1012.15,87
Raghudebbati,1007.0,70
Sahapur,1007.0,70
Gurdaha,1007.0,70
Chapra,1007.0,70
Raypur,1007.0,70
Bawali,1007.0,70
Gopalpur,1007.0,70
Ula,1007.0,70
Serpur,1007.0,70
Singapur,1012.0,25
Ghatkesar,1012.0,25
Dosuwāda,1012.0,22
Adampur,1006.55,88
Porur,1009.0,59
Vijayapura,1014.0,16
Madipakkam,1009.0,59
Manappakkam,1009.0,59
Perungudi,1009.0,59
Fatehpur,1006.55,72
Palavantangai,1009.0,59
Gho Manhasan,1008.0,36
Balapur,1012.0,22
State of Jharkhand,1005.75,22
Vellanur,1009.0,59
Madambakkam,1009.0,59
Chhutmalpur,1006.31,68
Chima,1006.55,72
State of Uttarakhand,1007.79,79
State of Chhattīsgarh,1008.0,20
Nagar,1008.51,93
Borkhera,1006.31,36
Jaurian,1008.0,36
Kheri Sampla,1007.0,19
Chandur,1012.0,25
Vengavasal,1009.0,59
Anna Nagar,1009.0,59
Park Town,1009.0,59
Nandambakkam,1009.0,59
Chinnasekkadu,1009.0,59
Kanakapura,914.0,24
Bhuban,1007.15,43
Meria,1007.0,70
Kupwara,1011.47,92
Technopark,1009.0,63
Powai,1010.0,55
Navi Mumbai,1010.0,55
Kala Ghoda,1010.0,55
Auroville,1009.79,74
Kakaguda,1012.0,25
BIAL 2 Wheeler Parking,1014.0,16
"Breach Candy, Mumbai",1010.0,55
Asian Games Village,1007.0,19
Puttaparthi,1006.95,21
Alok Mishra,1006.0,28
Canacona,1010.55,100
Kanija Bhavan,1014.0,16
Abhaneri,1004.15,18
Murudeshwara,1010.27,99
Shivaji Nagar,1010.07,33
Chowari,1007.75,54
Greater Noida,1007.0,19
Mohali,1006.87,39
Manjha,1004.59,27
Padampur,1004.43,26
Milkia,1004.59,27
Nagaria Ahīrān,1004.59,27
Biria Mādhogarh,1003.71,17
Rāmgarh,1006.55,72
Banbasa,1005.31,41
vadlamuru,1008.47,36
Pithampur,1006.91,18
Airoli,1010.0,55
Barbil,1007.03,41
Aluva,1008.0,59
Muvattupuzha,1008.0,59
Kotkapura,1005.87,51
Perumbavoor,1008.0,59
Vapi,1009.55,22
Baddi,1008.51,93
Noida,1007.0,19
Mandideep,1006.43,32
Singrauli,1004.99,23
Bhiwadi,1007.0,19
Gautam Budh Nagar,1007.0,19
Birpara,1010.19,100
Jaigaon,1010.19,100
Parwanoo,1006.87,39
Jorethang,1009.87,93
Edakkulam,1008.0,59
Avanoor,1008.0,59
Palackattumala,1008.0,59
Palakkad district,1011.0,20
Pitampura,1007.0,19
Chemmumiahpet,1007.91,41
Bellampalli,1006.75,27
Dasnapur,1006.35,33
Gaddi Annaram,1012.0,25
Gajuwaka,1009.23,48
Chinnachowk,1007.15,22
Manuguru,1007.75,28
Ramanayyapeta,1008.83,42
Kalyandurg,1007.11,20
Barpeta Road,1010.43,81
Ponnur,1008.35,28
Mandamarri,1006.75,27
Quthbullapur,1012.0,25
Naharlagun,1011.43,79
Yanamalakuduru,1008.35,28
Sathupalli,1007.87,27
Marigaon,1010.75,66
Malkajgiri,1012.0,25
Palwancha,1007.87,30
Serilingampalle,1012.0,25
Silapathar,1011.19,74
Kanuru,1008.91,38
Lal Bahadur Nagar,1012.0,25
Lumding Railway Colony,1011.15,93
Ashoknagar Kalyangarh,1007.0,70
Bahula,995.0,61
Vagator,1010.59,84
Aistala,1007.0,70
Sarupathar,1011.19,74
Akkarampalle,1008.19,29
Kyathampalle,1006.35,33
Pavuluru,1008.91,76
pedda nakkalapalem,1008.91,76
Jhulasan,1008.0,12
Vazhuthacaud,1009.0,63
Viman Nagar,1010.07,33
Trichy,1008.0,35
Zira,1006.63,74
Khordha,1007.83,49
Shamshabad,1012.0,22
Jagatpura,1007.0,13
Ratanada,1004.55,16
Chittaranjan Park,1007.0,19
Satara Division,1010.07,33
Nagpur Division,1007.0,14
Aurangabad Division,1012.0,15
Amravati Division,1006.31,29
Nashik Division,1009.47,21
Nangilickondan,1008.91,36
Konkan Division,1010.0,55
Rambagh,1007.0,13
Artist Village,1010.0,55
